8506,9308,10056,10814,11560,12254,12920,13537,14089,14558,15038,15416,15700,15937,16092,16160,16147,16068,15942,15708,15395,15034,14583,14083,13532,12914,12245,11552,10827,10066,9289,8500,7699,6935,6169,5403,4680,3977,3324,2715,2160,1655,1209,836,542,305,157,81,82,160,306,535,839,1213,1653,2153,2718,3322,3980,4681,5403,6163,6940,7719,8474,9295,10067,10839,11557,12258,12918,13482,14048,14587,15007,15397,15699,15939,16096,16169,16163,16086,15929,15699,15395,15030,14593,14087,13531,12921,12257,11563,10817,10075,9294,8493,7728,6928,6165,5393,4678,3975,3317,2712,2161,1657,1216,842,550,307,162,79,82,167,307,537,837,1228,1659,2158,2711,3323,3980,4683,5402,6169,6932,7728
8477,9266,10043,10796,11560,12260,12918,13514,14071,14573,15022,15406,15547,15932,16083,16143,16145,16093,15931,15711,15387,14997,14564,14071,13484,12880,12247,11564,10815,10069,9295,8499,7725,6935,6168,5409,4680,3976,3327,2717,2145,1655,1211,834,544,316,156,79,86,164,326,546,832,1227,1656,2163,2712,3328,3981,4681,5396,6160,6919,7723,8491,9292,10058,10815,11559,12237,12911,13511,14086,14497,15022,15409,15694,15933,16101,16152,16164,16087,15936,15700,15398,15029,14588,14090,13484,12911,12248,11563,10829,10070,9293,8498,7731,6935,6163,5403,4676,3980,3324,2713,2151,1659,1220,840,540,304,154,79,94,157,312,542,857,1215,1656,2156,2713,3323,3978,4681,5406,6161,6936,7732
8504,9265,10054,10808,11556,12247,12907,13516,14057,14572,15019,15356,15690,15933,16067,16137,16135,16087,15929,15693,15409,14875,14539,14085,13521,12897,12244,11565,10819,10077,9296,8507,7729,6936,6161,5402,4680,3981,3320,2715,2151,1663,1230,851,543,306,159,80,79,157,302,536,838,1204,1659,2160,2704,3332,3978,4684,5402,6166,6929,7727,8497,9305,10061,10798,11526,12230,12872,13477,14042,14542,14992,15357,15707,15942,16094,16151,16166,16087,15932,15709,15407,15027,14562,14071,13515,12919,12264,11562,10829,10074,9303,8503,7727,6934,6166,5403,4685,3979,3328,2717,2156,1656,1215,837,534,308,157,84,84,161,301,561,843,1223,1670,2156,2712,3327,3979,4681,5402,6165,6909,7726
8499,9306,10077,10841,11558,12252,12905,13522,13986,14569,15029,15345,15661,15789,16054,16107,16113,16103,15915,15674,15404,15019,14563,13998,13534,12925,12261,11563,10846,10081,9311,8514,7734,6942,6142,5403,4680,3975,3332,2714,2154,1654,1209,831,533,301,150,73,83,149,316,535,837,1215,1663,2159,2712,3321,3979,4680,5404,6167,6933,7742,8515,9309,10084,10812,11572,12264,12923,13540,14067,14512,15049,15421,15695,15897,16111,16177,16198,16122,15954,15700,15425,15050,14559,14037,13506,12891,12240,11536,10804,10074,9308,8493,7723,6927,6164,5395,4683,3992,3325,2712,2164,1655,1214,843,532,300,162,86,86,154,304,540,838,1219,1655,2153,2724,3323,3977,4685,5407,6156,6944,7735
8493,9289,10081,10851,11543,12269,12907,13541,14004,14586,15006,15389,15711,15935,16095,16174,16161,16087,15937,15705,15412,15021,14575,14084,13507,12911,12218,11568,10818,10068,9302,8509,7742,6931,6163,5403,4681,3968,3323,2718,2155,1655,1218,846,550,315,157,80,74,162,301,541,832,1213,1656,2155,2708,3327,3979,4681,5413,6164,6937,7726,8501,9304,10075,10822,11564,12252,12892,13522,14095,14580,15016,15400,15694,15913,16075,16146,16158,16079,15933,15675,15362,14996,14554,14059,13479,12901,12247,11558,10817,10019,9289,8496,7716,6930,6154,5408,4682,3977,3322,2715,2153,1654,1212,827,538,308,151,77,82,151,299,553,849,1223,1657,2159,2716,3327,3979,4677,5403,6162,6925,7735
8504,9291,10052,10813,11531,12235,12902,13495,14062,14569,14995,15354,15673,15920,16001,16139,16139,16063,15897,15682,15391,15000,14576,14077,13517,12905,12248,11551,10805,10080,9312,8515,7737,6935,6172,5405,4681,3978,3319,2715,2151,1653,1209,840,532,298,149,72,70,172,299,539,836,1209,1659,2155,2716,3326,3975,4684,5403,6168,6936,7736,8512,9311,10065,10833,11576,12256,12922,13523,14100,14589,15030,15400,15712,15952,16095,16164,16150,16092,15931,15704,15356,14962,14544,14046,13489,12886,12223,11556,10820,10068,9302,8506,7723,6922,6165,5404,4672,3978,3323,2715,2166,1656,1216,829,556,305,150,73,80,159,300,538,834,1213,1649,2156,2731,3322,3974,4686,5402,6160,6944,7716
8499,9295,10073,10834,11508,12235,12919,13477,14045,14578,15029,15343,15689,15910,16083,16154,16140,16075,15935,15682,15398,15032,14595,14069,13518,12908,12250,11546,10816,10019,9299,8508,7729,6937,6167,5402,4682,3978,3324,2713,2163,1653,1208,833,575,314,162,120,84,162,309,548,847,1208,1654,2151,2718,3321,3979,4677,5400,6162,6925,7721,8498,9288,10054,10817,11537,12224,12895,13494,14060,14551,14989,15354,15659,15896,16080,16148,16172,16093,15851,15681,15351,15019,14572,14074,13514,12868,12219,11528,10810,10050,9216,8498,7732,6935,6166,5403,4678,3980,3327,2716,2176,1659,1218,840,546,328,151,90,73,153,307,543,847,1218,1657,2151,2715,3322,3979,4680,5408,6166,6934,7729
8506,9300,10074,10837,11558,12249,12912,13516,14083,14579,15031,15405,15693,15935,16076,16151,16161,16054,15906,15676,15395,15020,14549,14052,13483,12883,12238,11525,10811,10037,9281,8491,7720,6927,6162,5399,4685,3979,3324,2709,2149,1654,1213,824,543,310,144,80,77,152,303,537,835,1216,1655,2152,2711,3322,3976,4681,5406,6169,6937,7741,8503,9307,10072,10831,11572,12262,12925,13537,14089,14605,15035,15424,15724,15896,16097,16165,16167,16094,15945,15695,15424,15029,14578,14087,13538,12840,12257,11550,10839,10075,9302,8482,7736,6938,6165,5400,4688,3977,3327,2715,2159,1653,1215,842,544,309,156,97,91,171,316,557,839,1215,1652,2154,2715,3325,3980,4689,5401,6163,6928,7729
8504,9288,10081,10833,11555,12250,12903,13490,14079,14581,15006,15390,15702,15925,16083,16132,16158,16036,15942,15653,15414,15032,14596,14049,13481,12887,12207,11528,10813,10067,9290,8506,7730,6937,6168,5407,4680,3979,3321,2717,2160,1661,1225,851,576,321,155,82,80,160,308,544,839,1214,1652,2158,2717,3323,3977,4674,5400,6155,6923,7732,8496,9295,10065,10824,11548,12238,12912,13516,14076,14576,15011,15401,15680,15925,16072,16035,16148,16076,15867,15648,15344,14978,14537,14046,13489,12872,12217,11533,10739,10048,9270,8490,7731,6925,6164,5392,4689,3980,3320,2715,2157,1658,1224,845,551,310,153,96,131,173,318,550,835,1219,1659,2159,2715,3321,3982,4677,5391,6156,6921,7734
8503,9297,10063,10813,11543,12250,12909,13514,14078,14540,15029,15400,15698,15896,16045,16126,16106,16040,15875,15663,15392,15022,14446,14051,13485,12889,12219,11486,10828,10063,9211,8488,7722,6925,6169,5404,4682,3978,3325,2707,2157,1662,1211,836,542,318,158,74,78,151,304,530,839,1207,1653,2151,2707,3315,3977,4687,5402,6168,6919,7736,8503,9303,10076,10836,11556,12261,12921,13526,14077,14583,15022,15392,15695,15930,16091,16144,16140,16072,15918,15680,15417,14977,14578,14077,13523,12904,12250,11557,10815,10060,9282,8508,7733,6934,6166,5404,4680,3978,3323,2713,2154,1658,1213,834,543,304,156,75,81,148,301,540,832,1215,1654,2157,2715,3323,3976,4682,5408,6157,6917,7721
8488,9274,10070,10834,11567,12261,12897,13498,14069,14556,15018,15391,15690,15930,16047,16154,16152,16093,15904,15681,15355,15011,14582,14070,13523,12910,12226,11502,10835,10053,9295,8493,7731,6930,6166,5400,4680,3979,3327,2702,2155,1653,1218,830,546,321,168,89,91,166,326,556,840,1220,1657,2156,2716,3321,3972,4682,5404,6165,6918,7737,8503,9306,10071,10857,11552,12250,12906,13509,14089,14571,15015,15383,15664,15907,16055,16161,16159,16089,15897,15682,15407,15006,14583,14079,13513,12908,12243,11550,10831,10066,9296,8471,7735,6934,6165,5401,4693,3981,3325,2712,2156,1657,1211,836,540,303,161,84,82,158,300,543,846,1219,1661,2157,2713,3329,3978,4680,5407,6156,6938,7730
8505,9302,10072,10821,11570,12272,12924,13488,14083,14588,15026,15407,15701,15949,16090,16143,16161,16081,15904,15661,15351,14984,14548,14050,13495,12890,12224,11536,10797,10054,9278,8486,7708,6925,6164,5387,4682,3979,3324,2719,2156,1657,1222,841,539,331,162,91,81,154,301,543,839,1217,1657,2158,2715,3324,3983,4679,5401,6165,6939,7728,8503,9293,10073,10819,11553,12247,12875,13511,14068,14585,15023,15394,15705,15927,15975,16115,16154,16072,15927,15693,15386,15029,14586,14071,13513,12906,12256,11557,10823,10070,9293,8505,7729,6930,6164,5406,4676,3977,3326,2714,2154,1653,1214,842,541,305,155,80,89,164,320,550,838,1216,1659,2153,2717,3332,3977,4680,5404,6162,6934,7725
8500,9297,10072,10726,11556,12256,12903,13504,14087,14565,15033,15350,15703,15941,16086,16165,16172,16094,15929,15710,15383,15031,14596,14081,13522,12922,12259,11574,10799,10062,9318,8501,7728,6938,6163,5406,4679,3977,3332,2720,2155,1657,1214,842,538,305,152,78,79,159,298,543,842,1214,1651,2157,2701,3323,3970,4677,5401,6162,6932,7714,8509,9307,10068,10825,11558,12234,12916,13509,14080,14564,15005,15385,15664,15896,16003,16100,16081,16015,15903,15674,15359,14996,14538,14073,13497,12887,12226,11547,10811,10056,9286,8471,7721,6930,6164,5402,4678,3980,3329,2718,2155,1660,1220,841,546,317,159,82,84,159,308,545,844,1216,1655,2151,2715,3323,3981,4676,5398,6157,6926,7721
8496,9288,10063,10818,11514,12226,12890,13506,14074,14509,15021,15401,15598,15930,16089,16162,16161,16064,15925,15687,15392,15015,14514,13987,13463,12861,12205,11524,10813,10062,9266,8477,7709,6926,6161,5399,4677,3976,3326,2713,2157,1660,1221,849,550,312,165,84,85,162,313,552,840,1218,1661,2163,2720,3330,3976,4679,5397,6145,6928,7722,8502,9288,10061,10825,11558,12215,12884,13495,14007,14528,14970,15222,15673,15909,16043,16140,16132,16056,15878,15616,15368,14912,14558,14036,13511,12885,12123,11523,10819,10059,9289,8498,7723,6920,6164,5401,4683,3972,3325,2720,2163,1665,1215,841,551,313,163,79,87,162,299,569,838,1210,1659,2156,2706,3321,3981,4686,5404,6164,6930,7720
8489,9295,10027,10824,11545,12238,12902,13504,14068,14546,15014,15365,15693,15916,16054,16148,16134,16055,15910,15693,15356,14978,14547,14050,13499,12894,12227,11546,10799,10066,9281,8496,7719,6931,6157,5403,4686,3980,3323,2717,2150,1662,1214,847,546,316,153,79,82,162,316,545,838,1216,1658,2161,2718,3320,3977,4680,5395,6168,6934,7724,8498,9287,10068,10827,11567,12262,12931,13542,14086,14589,14892,15390,15714,15936,16097,16180,16178,16108,15937,15730,15409,14997,14593,14094,13530,12912,12262,11570,10843,10049,9283,8487,7723,6932,6159,5402,4676,3977,3324,2718,2161,1659,1204,835,536,302,153,74,77,152,314,551,841,1219,1656,2158,2717,3321,3975,4677,5405,6158,6944,7734
8494,9315,10078,10848,11570,12278,12930,13516,14021,14591,15038,15408,15703,15926,16073,16171,16154,16076,15940,15694,15404,15040,14596,14052,13497,12880,12256,11565,10838,10073,9300,8503,7733,6938,6166,5404,4686,3981,3321,2720,2157,1659,1219,840,539,305,158,82,73,171,309,540,842,1211,1661,2152,2718,3329,3974,4678,5401,6170,6918,7735,8502,9275,10061,10826,11547,12239,12917,13525,14086,14556,15012,15387,15689,15914,16080,16082,16171,16069,15933,15697,15406,15015,14575,14073,13533,12915,12250,11531,10807,10078,9300,8502,7730,6941,6167,5403,4688,3975,3320,2713,2148,1654,1225,832,537,300,147,66,78,155,303,534,832,1205,1654,2151,2713,3317,3986,4682,5406,6160,6923,7724
8508,9279,10052,10738,11531,12217,12892,13496,14052,14584,14993,15392,15705,15928,16080,16137,16156,16086,15938,15694,15387,15026,14590,14071,13522,12922,12245,11572,10824,10072,9299,8510,7733,6935,6164,5404,4682,3973,3317,2713,2151,1655,1215,839,545,310,158,84,81,164,304,541,841,1218,1657,2161,2717,3328,3975,4681,5402,6164,6929,7724,8493,9302,10041,10777,11541,12238,12842,13483,14076,14581,15010,15279,15687,15922,16070,16162,16155,16042,15856,15659,15392,15017,14571,14072,13511,12912,12246,11551,10820,10064,9292,8500,7715,6930,6162,5402,4678,3977,3323,2716,2160,1666,1219,836,556,310,162,86,83,160,311,544,839,1219,1655,2154,2717,3324,3978,4679,5406,6165,6938,7731
8502,9292,10071,10808,11528,12222,12914,13485,14053,14546,14974,15365,15686,15939,16087,16156,16136,16005,15876,15652,15344,14969,14548,14022,13520,12894,12251,11548,10818,10066,9303,8453,7732,6926,6151,5394,4677,3980,3323,2713,2148,1656,1204,836,544,297,148,98,102,171,305,540,833,1216,1660,2166,2709,3323,3980,4674,5405,6163,6937,7712,8497,9298,10073,10801,11550,12236,12897,13520,14075,14589,15008,15400,15703,15934,16089,16167,16157,16095,15934,15688,15388,14996,14551,14078,13487,12887,12229,11547,10811,10060,9291,8470,7717,6920,6172,5398,4673,3975,3328,2719,2157,1664,1225,845,552,316,187,102,99,173,322,556,836,1226,1654,2150,2715,3324,3998,4682,5403,6165,6923,7718
8486,9304,10078,10823,11551,12242,12869,13480,14033,14538,14973,15337,15638,15872,16070,16163,16128,16081,15918,15662,15368,15000,14555,14060,13495,12893,12243,11540,10815,10054,9280,8485,7720,6922,6156,5403,4675,3980,3327,2720,2162,1664,1226,855,559,319,164,93,90,169,323,557,849,1221,1669,2160,2721,3326,3977,4678,5397,6155,6921,7717,8490,9277,9981,10803,11527,12211,12872,13475,14043,14538,14983,15330,15660,15869,16049,16122,16112,16040,15861,15662,15357,15010,14549,14057,13507,12896,12240,11551,10799,10061,9285,8494,7719,6923,6159,5389,4681,3974,3321,2722,2157,1667,1230,847,554,312,163,83,76,160,316,548,833,1227,1657,2151,2711,3319,3981,4674,5414,6159,6941,7724
8492,9289,10076,10820,11552,12251,12908,13504,14032,14529,14938,15333,15659,15902,16060,16141,16143,16109,15940,15679,15362,15010,14581,14079,13510,12908,12242,11514,10775,10036,9275,8448,7721,6922,6156,5395,4683,3968,3332,2720,2153,1653,1215,837,539,306,169,92,82,172,308,550,838,1229,1672,2164,2720,3317,3984,4681,5401,6166,6919,7715,8480,9273,10085,10820,11556,12230,12875,13517,14082,14576,15005,15367,15695,15936,16064,16170,16166,16086,15906,15691,15403,15016,14587,14067,13499,12910,12254,11561,10830,10072,9297,8504,7737,6932,6167,5405,4680,3979,3322,2717,2157,1660,1215,840,551,311,162,97,100,181,326,547,832,1217,1652,2153,2715,3322,3975,4672,5407,6164,6931,7732
8500,9296,10078,10822,11555,12242,12929,13526,14086,14597,15030,15404,15681,15935,16076,16159,16165,16106,15954,15697,15319,15019,14590,14081,13509,12867,12254,11565,10839,10076,9306,8495,7737,6938,6172,5410,4682,3977,3321,2712,2153,1648,1217,825,535,295,146,63,69,160,296,540,834,1217,1659,2156,2716,3326,3979,4679,5413,6167,6938,7729,8504,9291,10052,10778,11527,12228,12819,13488,14054,14558,15024,15384,15696,15944,16061,16175,16167,16093,15912,15707,15401,14954,14573,14066,13528,12929,12246,11561,10840,10079,9320,8471,7704,6916,6162,5401,4682,3981,3322,2712,2160,1663,1221,842,550,310,158,96,82,159,312,546,839,1222,1665,2153,2724,3325,3982,4677,5399,6135,6926,7721
8462,9268,10024,10783,11526,12205,12800,13504,14080,14572,14950,15307,15624,15857,16052,16118,16123,16068,15904,15666,15396,15030,14587,14075,13503,12919,12230,11544,10818,10041,9288,8499,7720,6934,6156,5395,4678,3976,3328,2722,2165,1666,1227,847,550,314,170,99,90,162,313,556,845,1222,1666,2161,2717,3323,3974,4680,5402,6156,6900,7719,8495,9284,10055,10808,11554,12227,12892,13495,14057,14547,14958,15326,15639,15842,16026,16057,16086,16056,15906,15660,15359,14990,14507,14023,13494,12878,12222,11530,10806,10051,9279,8493,7721,6931,6156,5405,4676,3979,3322,2715,2168,1661,1215,832,540,314,168,90,75,166,308,545,840,1225,1653,2159,2714,3327,3976,4680,5400,6161,6941,7724
8485,9279,10042,10815,11532,12222,12884,13498,14055,14548,14999,15345,15665,15855,16053,16127,16120,16058,15873,15682,15358,14989,14542,14050,13489,12872,12230,11538,10802,10052,9294,8473,7726,6921,6167,5402,4690,3972,3325,2704,2162,1655,1218,838,543,317,158,90,79,154,316,539,829,1221,1656,2159,2715,3320,3982,4682,5400,6143,6923,7720,8511,9291,10074,10821,11552,12246,12895,13497,14074,14575,14936,15390,15646,15908,16065,16153,16140,16100,15947,15687,15393,15029,14585,14093,13486,12906,12236,11555,10824,10061,9300,8498,7726,6934,6162,5399,4681,3978,3324,2694,2156,1657,1217,834,556,317,150,84,94,161,307,543,831,1218,1655,2154,2715,3319,3983,4684,5403,6162,6932,7694
8507,9286,10074,10806,11567,12250,12907,13527,14080,14561,15032,15392,15699,15941,15976,16164,16166,16080,15941,15628,15405,15027,14584,14083,13441,12908,12244,11554,10841,10071,9303,8503,7729,6938,6172,5407,4682,3977,3325,2711,2156,1658,1213,839,556,303,153,74,81,149,299,553,828,1219,1653,2151,2718,3327,3976,4680,5403,6163,6938,7735,8502,9294,10070,10829,11558,12253,12925,13531,14089,14580,15025,15405,15739,15913,16061,16143,16166,16092,15934,15655,15311,15022,14493,14090,13522,12912,12242,11527,10836,10054,9301,8508,7730,6930,6165,5408,4681,3979,3320,2720,2158,1658,1215,846,546,339,151,81,79,161,322,540,841,1218,1653,2152,2717,3324,3980,4684,5411,6159,6933,7736
8513,9292,10055,10847,11577,12273,12925,13535,14083,14547,14985,15352,15659,15896,15857,16107,16081,16041,15866,15681,15349,14975,14544,14086,13512,12923,12216,11531,10815,10057,9280,8487,7709,6924,6161,5401,4674,3974,3323,2718,2162,1656,1215,848,543,313,156,81,83,165,325,556,858,1199,1667,2174,2715,3328,3978,4681,5402,6164,6935,7726,8499,9288,10065,10817,11556,12261,12917,13537,14096,14587,15001,15348,15677,15898,16063,16151,16123,16056,15820,15650,15348,14998,14559,14062,13506,12897,12237,11553,10816,10063,9287,8500,7727,6918,6155,5398,4680,3976,3323,2715,2157,1656,1221,842,544,311,150,84,82,166,314,544,840,1218,1660,2153,2713,3322,3975,4685,5406,6168,6927,7724
8493,9295,10050,10815,11544,12250,12905,13507,14082,14586,14973,15329,15637,15865,16031,16155,16162,16072,15909,15702,15401,15007,14593,14085,13521,12910,12246,11546,10779,10067,9282,8506,7721,6932,6159,5411,4677,3974,3321,2718,2149,1657,1216,848,539,311,155,85,88,168,303,548,842,1213,1655,2154,2711,3327,3974,4683,5393,6141,6909,7715,8487,9284,10069,10842,11560,12259,12914,13527,14086,14563,15011,15392,15662,15916,16065,16160,16132,16084,15927,15693,15418,15025,14592,14090,13502,12919,12266,11551,10825,10057,9296,8497,7733,6937,6165,5405,4679,3980,3320,2711,2156,1663,1226,852,558,339,177,86,82,155,351,542,838,1214,1660,2155,2713,3324,3976,4679,5403,6163,6932,7732
8507,9285,10075,10821,11557,12229,12902,13504,14074,14572,15023,15399,15689,15936,16063,16162,16141,16070,15915,15677,15391,15023,14544,14020,13511,12896,12248,11527,10822,10062,9288,8501,7728,6928,6170,5399,4678,3980,3328,2720,2162,1666,1213,839,549,299,152,84,71,156,301,538,838,1214,1649,2152,2711,3322,3979,4674,5403,6158,6934,7739,8502,9312,10079,10845,11566,12264,12921,13531,14090,14591,15029,15410,15712,15947,16097,16189,16189,16099,15950,15709,15431,15000,14575,14088,13536,12916,12275,11572,10847,10069,9277,8507,7739,6927,6175,5410,4680,3974,3324,2712,2150,1649,1210,838,544,300,147,95,75,158,303,536,842,1222,1658,2169,2722,3325,3978,4674,5407,6169,6929,7732
8496,9294,10070,10828,11565,12250,12921,13524,14076,14558,15028,15362,15661,15877,16028,16123,16168,16094,15944,15682,15406,15009,14574,14082,13514,12887,12244,11557,10825,10074,9299,8502,7745,6937,6169,5411,4674,3977,3322,2720,2161,1666,1228,851,543,314,187,93,89,163,305,535,835,1216,1652,2158,2712,3324,3980,4681,5405,6168,6937,7732,8504,9300,10073,10813,11552,12250,12927,13496,14072,14610,15026,15366,15650,15870,16048,16191,16173,16078,15956,15707,15410,15023,14592,14074,13514,12898,12255,11566,10835,10085,9300,8506,7729,6935,6168,5403,4681,3980,3320,2713,2158,1656,1217,838,547,310,155,78,78,164,302,543,841,1217,1656,2160,2719,3323,3977,4682,5402,6160,6895,7727
8505,9300,10071,10827,11567,12248,12904,13536,14078,14578,15039,15394,15702,15939,16091,16172,16144,16074,15875,15698,15358,15025,14590,14073,13519,12912,12250,11559,10837,10070,9297,8507,7736,6929,6167,5394,4680,3979,3327,2715,2149,1661,1220,825,545,309,163,84,85,155,304,535,831,1213,1650,2151,2712,3322,3975,4678,5386,6154,6922,7720,8500,9296,10080,10842,11492,12241,12906,13526,14092,14562,15020,15416,15692,15898,16100,16188,16187,16033,15910,15714,15408,15019,14593,14091,13535,12905,12254,11574,10827,10060,9293,8495,7728,6927,6165,5403,4680,3980,3326,2715,2153,1659,1217,840,546,310,163,77,91,160,333,561,851,1234,1666,2162,2720,3322,3974,4675,5409,6171,6940,7729
8504,9302,10037,10816,11569,12276,12901,13521,14085,14581,14992,15307,15657,15944,16070,16169,16178,16096,15926,15713,15411,14956,14582,14080,13534,12913,12251,11557,10833,10072,9301,8495,7732,6932,6171,5404,4682,3979,3324,2712,2153,1663,1230,841,545,303,156,82,84,169,303,550,846,1228,1665,2150,2717,3320,3975,4676,5409,6170,6936,7724,8491,9304,10074,10836,11569,12262,12916,13529,14087,14578,15041,15414,15695,15939,16102,16165,16160,16080,15961,15684,15415,15043,14582,14104,13534,12930,12249,11567,10826,10067,9308,8507,7732,6935,6155,5401,4680,3971,3334,2715,2155,1651,1209,830,532,333,155,99,77,153,307,549,842,1218,1651,2157,2709,3323,3974,4683,5409,6168,6940,7722
8509,9306,10084,10840,11564,12269,12929,13534,14101,14562,15019,15402,15704,15859,16085,16161,16171,16114,15819,15658,15339,14996,14592,14069,13502,12897,12235,11542,10809,10071,9275,8491,7735,6942,6167,5407,4684,3979,3324,2716,2156,1652,1209,837,535,301,144,75,72,144,303,538,833,1206,1654,2152,2708,3324,3976,4681,5402,6170,6934,7725,8508,9306,10072,10836,11567,12263,12922,13540,14105,14588,15031,15434,15716,15898,16120,16181,16180,16073,15905,15678,15364,14907,14569,14064,13536,12929,12268,11568,10845,10073,9307,8496,7717,6930,6160,5402,4681,3978,3321,2714,2161,1661,1222,845,545,318,165,85,75,152,300,534,833,1211,1645,2154,2715,3319,3980,4682,5407,6165,6945,7743
8516,9310,10085,10840,11551,12273,12945,13526,14107,14559,15037,15418,15707,15922,16096,16163,16161,16115,15962,15720,15422,15029,14605,14069,13433,12906,12246,11569,10849,10073,9304,8498,7732,6935,6165,5404,4676,3974,3322,2708,2146,1651,1215,823,545,302,152,69,69,143,306,532,839,1208,1652,2151,2710,3321,3971,4678,5413,6159,6945,7729,8514,9305,10072,10831,11466,12240,12889,13505,14067,14549,15002,15365,15732,15953,16071,16173,16161,16099,15921,15700,15409,15028,14580,14064,13506,12901,12235,11535,10827,10069,9299,8497,7728,6926,6160,5398,4676,3975,3321,2717,2161,1650,1220,841,560,309,156,78,84,151,312,547,836,1233,1661,2154,2716,3324,3976,4677,5403,6159,6927,7732
8495,9292,10031,10796,11431,12215,12873,13477,14029,14542,14965,15339,15641,15874,16032,16111,16091,16037,15868,15646,15353,14963,14518,14033,13496,12886,12200,11513,10806,10044,9263,8489,7709,6918,6156,5396,4677,3979,3326,2718,2165,1665,1225,845,556,321,197,93,97,175,320,556,850,1216,1662,2156,2725,3329,3972,4673,5396,6121,6922,7707,8481,9282,10050,10799,11533,12210,12875,13485,14045,14535,14976,15323,15638,15853,16039,16099,16093,16035,15869,15641,15334,14979,14534,14040,13465,12870,12208,11469,10785,10030,9268,8488,7709,6910,6143,5398,4677,3972,3323,2717,2163,1676,1231,847,551,320,169,95,101,168,315,553,850,1218,1663,2153,2719,3329,3975,4681,5393,6155,6918,7701
8468,9280,10046,10800,11520,12219,12877,13493,14037,14538,14979,15338,15651,15872,16031,16115,16128,16032,15867,15653,15351,14972,14535,14042,13492,12880,12221,11528,10792,10035,9278,8485,7716,6923,6156,5393,4672,3981,3326,2718,2160,1664,1227,851,553,319,174,92,96,171,340,557,852,1226,1668,2161,2715,3324,3974,4677,5382,6157,6923,7713,8492,9277,10048,10797,11519,12213,12754,13489,14026,14542,14976,15341,15652,15898,16023,16114,16120,16039,15860,15661,15339,14975,14549,14050,13487,12879,12222,11530,10804,10038,9274,8474,7713,6919,6144,5399,4676,3977,3323,2717,2161,1662,1223,848,553,320,176,91,88,166,322,558,846,1224,1665,2156,2720,3326,3976,4683,5391,6154,6925,7717
8487,9276,10044,10810,11530,12232,12886,13483,14040,14549,14989,15352,15646,15896,16040,16110,16120,16041,15861,15564,15362,14981,14535,14046,13489,12896,12228,11538,10816,10052,9286,8492,7727,6921,6158,5402,4678,3975,3326,2723,2160,1658,1216,845,542,321,169,101,101,169,320,553,851,1221,1669,2158,2717,3318,3982,4679,5398,6154,6921,7720,8492,9282,10056,10811,11535,12219,12885,13493,14036,14558,14991,15342,15670,15865,16051,16139,16120,16066,15875,15653,15340,14988,14559,14035,13489,12900,12233,11533,10801,10050,9288,8488,7726,6928,6161,5397,4676,3976,3324,2716,2160,1663,1220,845,551,316,171,96,93,169,317,547,847,1224,1665,2162,2714,3325,3978,4674,5398,6154,6923,7718
8486,9280,10051,10808,11529,12225,12887,13495,14049,14558,15016,15367,15675,15911,16066,16136,16129,16054,15909,15661,15351,14997,14539,14054,13488,12890,12218,11533,10802,10038,9279,8471,7712,6927,6158,5402,4677,3979,3322,2717,2160,1665,1228,851,557,315,169,89,104,163,316,574,850,1217,1676,2159,2713,3325,3976,4677,5396,6157,6927,7712,8487,9279,10051,10807,11535,12227,12868,13482,14043,14520,14992,15311,15667,15874,15838,16125,16105,16050,15898,15644,15335,14979,14546,14044,13470,12817,12219,11525,10793,10051,9280,8488,7721,6926,6157,5396,4679,3979,3329,2712,2164,1674,1218,845,556,322,164,96,95,203,320,551,841,1234,1667,2160,2722,3328,3974,4673,5398,6113,6919,7720
8484,9272,10034,10796,11519,12225,12874,13493,14046,14537,14970,15286,15658,15899,16044,16118,16104,16042,15871,15661,15348,14987,14545,14048,13482,12875,12221,11535,10809,10050,9278,8480,7713,6916,6141,5396,4669,3978,3327,2718,2162,1668,1227,851,556,324,172,97,93,171,319,553,849,1227,1661,2164,2716,3323,3977,4678,5400,6158,6923,7717,8482,9278,10040,10802,11519,12227,12879,13486,14045,14546,14962,15348,15652,15872,16028,16114,16108,16034,15865,15656,15335,14971,14523,14033,13488,12869,12214,11507,10800,10037,9273,8489,7715,6922,6156,5397,4677,3979,3327,2719,2160,1661,1223,851,555,323,168,96,96,178,322,556,847,1227,1666,2153,2715,3333,3975,4673,5397,6161,6919,7705
8459,9274,10033,10787,11528,12213,12894,13472,14044,14533,14942,15319,15641,15862,16027,16095,16105,16047,15851,15652,15336,14975,14522,14072,13486,12890,12206,11477,10784,10026,9288,8485,7718,6919,6139,5395,4676,3973,3331,2720,2162,1664,1230,851,548,314,172,102,80,173,320,555,849,1223,1676,2161,2714,3331,3976,4669,5401,6133,6926,7709,8474,9264,10035,10784,11516,12208,12863,13472,14023,14454,14970,15288,15649,15851,16026,16092,16117,16030,15756,15638,15310,14966,14523,14030,13472,12857,12213,11480,10794,10036,9271,8479,7710,6917,6155,5396,4675,3973,3330,2719,2164,1668,1227,853,561,327,177,102,98,176,327,558,852,1231,1688,2167,2717,3326,3978,4674,5395,6145,6922,7710
8474,9268,10037,10789,11520,12206,12861,13460,14030,14524,14965,15337,15593,15860,16044,16004,16109,16007,15863,15646,15333,14984,14542,14047,13480,12883,12220,11539,10766,10048,9275,8485,7716,6919,6140,5391,4678,3976,3325,2717,2164,1662,1231,850,559,318,170,99,99,157,315,557,850,1227,1663,2158,2719,3321,3977,4681,5397,6140,6918,7705,8489,9271,10048,10800,11526,12201,12889,13487,14034,14538,14966,15347,15653,15900,16024,16108,16085,16043,15874,15644,15347,14974,14529,14044,13468,12872,12221,11525,10792,10033,9275,8493,7705,6912,6139,5402,4676,3976,3327,2720,2161,1668,1228,853,553,323,167,92,99,180,317,557,846,1237,1663,2171,2723,3324,3970,4678,5394,6143,6923,7719
8448,9270,10042,10797,11476,12204,12878,13478,14032,14536,14877,15327,15635,15867,16023,16109,16087,16028,15868,15617,15335,14964,14537,14024,13496,12879,12213,11528,10796,10043,9273,8481,7721,6922,6140,5389,4673,3980,3324,2717,2164,1662,1230,849,562,321,174,92,96,171,316,580,852,1226,1662,2161,2717,3324,3979,4671,5393,6154,6919,7714,8484,9275,10043,10803,11523,12222,12866,13461,14029,14524,14971,15338,15637,15857,16016,16109,16093,15927,15853,15644,15322,14964,14528,14036,13462,12869,12205,11518,10802,10029,9269,8477,7707,6917,6157,5393,4678,3974,3325,2721,2163,1666,1230,855,563,323,180,103,97,180,329,561,854,1232,1684,2175,2718,3327,3980,4678,5390,6153,6921,7708
8478,9266,10045,10792,11528,12206,12868,13468,14036,14537,14973,15338,15646,15859,16040,16097,16114,16007,15868,15634,15352,14994,14543,14047,13487,12874,12217,11532,10793,10045,9278,8484,7714,6916,6166,5402,4676,3974,3324,2713,2158,1672,1223,850,552,318,174,106,112,168,320,551,849,1218,1666,2161,2718,3331,3980,4677,5396,6155,6924,7716,8487,9273,10035,10800,11515,12198,12844,13476,14028,14535,14958,15340,15642,15897,16029,16133,16088,16035,15863,15645,15332,14986,14528,14033,13483,12888,12220,11507,10796,10044,9277,8486,7719,6924,6157,5399,4679,3981,3326,2722,2165,1667,1228,850,562,321,180,97,96,178,320,557,853,1222,1666,2161,2722,3327,3979,4674,5397,6159,6918,7713
8473,9274,10032,10809,11515,12214,12869,13482,14039,14539,14976,15335,15640,15864,16015,16101,16105,16027,15870,15623,15353,14984,14525,14031,13482,12858,12200,11514,10790,10026,9265,8475,7710,6907,6157,5396,4675,3976,3328,2723,2163,1669,1232,853,565,326,180,104,103,178,331,560,854,1238,1675,2169,2719,3326,3977,4674,5391,6141,6910,7702,8475,9253,10028,10779,11508,12200,12864,13468,14011,14516,14949,15318,15624,15825,16023,16066,16063,15991,15820,15597,15323,14949,14506,13993,13465,12852,12190,11498,10784,10025,9256,8473,7707,6907,6160,5393,4674,3985,3328,2731,2165,1672,1232,857,568,330,177,104,100,181,329,573,857,1234,1676,2167,2723,3330,3983,4673,5392,6145,6920,7708
8478,9278,10027,10790,11509,12196,12852,13456,14025,14520,14968,15335,15642,15797,16014,16070,16082,16004,15860,15614,15301,14942,14518,14011,13463,12834,12191,11501,10775,10032,9268,8481,7706,6912,6140,5395,4674,3978,3324,2723,2164,1674,1236,864,564,334,182,106,103,185,333,562,855,1233,1674,2165,2722,3331,3979,4674,5390,6140,6913,7699,8410,9252,10013,10774,11495,12188,12846,13454,14005,14502,14940,15317,15617,15838,15981,16070,16081,15998,15749,15615,15305,14946,14503,14011,13450,12873,12193,11508,10777,10027,9262,8473,7709,6920,6141,5387,4670,3978,3328,2727,2165,1674,1232,857,583,328,180,111,107,180,327,564,851,1230,1665,2161,2720,3326,3979,4669,5392,6138,6913,7706
8478,9264,10029,10789,11502,12188,12849,13456,14011,14523,14939,15323,15621,15840,15937,16073,16081,16000,15848,15596,15311,14944,14497,14008,13446,12820,12181,11502,10673,10016,9259,8463,7700,6905,6130,5391,4673,3980,3328,2712,2159,1692,1236,866,562,333,181,108,112,191,334,573,857,1238,1693,2174,2722,3324,3975,4676,5390,6131,6900,7702,8464,9266,10027,10776,11501,12177,12838,13452,14016,14514,14951,15303,15601,15839,16016,16073,16087,15992,15836,15615,15317,14940,14503,14012,13457,12853,12196,11504,10774,10028,9260,8463,7698,6914,6135,5403,4671,3980,3332,2726,2161,1670,1231,856,567,324,185,112,107,185,329,564,855,1229,1671,2161,2725,3324,3979,4676,5406,6137,6916,7665
8471,9259,10023,10779,11502,12185,12841,13450,14009,14503,14926,15225,15619,15833,16007,16081,16080,16002,15829,15609,15316,14947,14516,14011,13460,12849,12196,11500,10781,10023,9260,8468,7707,6916,6139,5392,4674,3974,3322,2722,2167,1667,1235,859,565,333,190,102,106,183,331,564,856,1232,1668,2169,2722,3327,3975,4675,5391,6136,6917,7703,8458,9261,10027,10699,11508,12193,12851,13447,14010,14512,14952,15309,15621,15838,16006,16062,16086,15994,15838,15600,15299,14918,14493,13991,13437,12836,12194,11493,10774,10023,9253,8462,7700,6908,6139,5394,4674,3973,3332,2722,2167,1674,1244,860,563,330,180,109,106,195,318,571,865,1228,1679,2162,2723,3332,3977,4671,5397,6156,6913,7705
8468,9254,10024,10777,11510,12179,12853,13440,14020,14520,14962,15323,15631,15836,16023,15976,16108,16020,15868,15634,15327,14939,14533,14007,13462,12858,12198,11513,10785,10036,9267,8480,7710,6915,6141,5401,4667,3979,3322,2721,2164,1669,1234,852,579,332,198,104,107,178,331,577,861,1239,1669,2160,2711,3330,3977,4674,5406,6151,6919,7677,8474,9258,10022,10775,11492,12191,12841,13444,14004,14493,14936,15309,15495,15853,16014,16084,16076,16033,15841,15620,15309,14955,14513,14006,13448,12845,12177,11513,10781,10036,9265,8475,7704,6918,6146,5390,4674,3976,3328,2726,2168,1679,1234,861,567,334,185,109,112,186,326,567,858,1238,1670,2170,2723,3327,3977,4673,5387,6138,6916,7702
8467,9260,10018,10774,11497,12191,12854,13470,14037,14532,14983,15335,15641,15855,16029,16093,16095,16014,15858,15634,15323,14974,14539,14049,13473,12872,12205,11517,10813,10031,9262,8480,7706,6914,6142,5397,4675,3976,3326,2722,2165,1667,1228,851,560,326,175,93,94,169,324,558,843,1231,1665,2162,2723,3328,3990,4676,5393,6156,6893,7713,8484,9271,10030,10790,11518,12206,12866,13474,14031,14525,14962,15339,15627,15856,16033,16098,16099,16017,15853,15636,15332,14962,14527,13970,13465,12852,12162,11523,10790,10034,9266,8474,7707,6924,6139,5391,4675,3975,3322,2724,2166,1671,1221,866,560,338,176,104,104,182,334,556,853,1222,1675,2163,2724,3321,3972,4677,5394,6137,6919,7709
8483,9257,10036,10801,11514,12203,12857,13456,13986,14501,14950,15322,15629,15848,16040,16088,16088,15988,15731,15640,15342,14970,14528,14027,13478,12875,12211,11517,10798,10038,9266,8476,7711,6920,6148,5397,4671,3978,3326,2724,2161,1671,1232,851,555,324,175,99,91,175,321,563,855,1227,1661,2161,2717,3325,3977,4675,5395,6144,6899,7704,8475,9266,10039,10792,11519,12194,12870,13473,14043,14518,14955,15327,15620,15854,16021,16093,16094,16037,15856,15646,15334,14970,14532,14031,13466,12861,12213,11512,10796,10025,9268,8481,7710,6919,6154,5393,4670,3977,3328,2719,2165,1669,1230,853,567,322,174,93,97,171,321,563,851,1228,1667,2158,2719,3324,3975,4675,5395,6140,6919,7711
8478,9278,10041,10803,11524,12208,12866,13463,14021,14525,14981,15324,15643,15852,16005,16085,16065,16019,15838,15625,15337,14962,14508,14015,13467,12866,12212,11502,10794,9994,9266,8475,7709,6923,6157,5391,4674,3977,3323,2725,2165,1668,1243,852,563,325,180,104,106,182,331,565,866,1234,1669,2162,2715,3328,3976,4680,5392,6140,6916,7718,8487,9281,10036,10795,11488,12192,12865,13469,14019,14520,14958,15322,15640,15859,16022,16088,16085,16020,15857,15639,15326,14972,14447,14028,13473,12878,12222,11495,10801,10046,9266,8482,7712,6916,6151,5392,4676,3979,3325,2719,2160,1669,1221,870,559,330,178,99,102,176,325,560,857,1237,1669,2162,2723,3328,3970,4676,5384,6140,6919,7709
8474,9277,10037,10791,11503,12191,12876,13456,14006,14516,14977,15344,15645,15872,16019,16105,16091,16040,15855,15641,15340,14959,14530,14030,13481,12864,12214,11519,10797,10036,9274,8494,7712,6923,6154,5395,4675,3982,3323,2719,2162,1662,1228,856,559,323,177,102,92,177,323,557,852,1229,1666,2160,2718,3327,3977,4677,5399,6154,6921,7711,8481,9275,10043,10797,11515,12200,12864,13459,14032,14537,14978,15345,15665,15858,16055,15930,16107,16038,15903,15571,15353,14970,14554,14045,13483,12882,12217,11528,10807,10048,9287,8486,7712,6919,6142,5398,4676,3978,3327,2717,2162,1665,1233,854,560,320,178,99,116,179,319,566,853,1242,1667,2166,2716,3324,3981,4677,5397,6154,6917,7701
8480,9266,10038,10788,11521,12214,12866,13467,14042,14522,14987,15331,15646,15867,16052,16102,16090,16026,15868,15650,15328,14946,14520,14032,13487,12852,12220,11522,10797,10053,9280,8473,7701,6919,6164,5396,4672,3987,3324,2723,2160,1663,1224,837,570,326,175,89,97,176,321,564,855,1230,1672,2161,2717,3332,3979,4677,5399,6140,6913,7718,8486,9289,10038,10789,11522,12206,12890,13458,14028,14425,14962,15339,15657,15862,16036,16113,16103,16035,15862,15641,15335,14964,14554,14021,13480,12872,12206,11519,10793,10047,9276,8484,7715,6915,6156,5401,4681,3976,3327,2718,2156,1669,1227,845,548,315,172,98,96,173,326,556,851,1217,1677,2163,2723,3326,3973,4674,5397,6154,6918,7711
8483,9261,10038,10792,11516,12219,12876,13491,14041,14541,14982,15344,15570,15867,16017,16098,16075,16015,15854,15632,15321,14961,14531,14031,13468,12743,12201,11518,10786,10040,9269,8472,7714,6918,6157,5395,4678,3979,3325,2722,2164,1668,1234,855,557,314,174,102,130,175,324,558,856,1226,1670,2163,2722,3324,3979,4673,5402,6142,6917,7711,8480,9270,10007,10790,11521,12199,12863,13485,14021,14468,14978,15306,15634,15861,16006,16104,16093,16022,15854,15587,15335,14968,14521,14028,13475,12864,12199,11505,10780,10029,9189,8465,7703,6915,6143,5383,4675,3977,3329,2721,2168,1674,1228,901,558,323,214,106,114,197,330,568,857,1239,1657,2167,2723,3332,3977,4668,5390,6139,6920,7712
8476,9261,10033,10776,11501,12186,12859,13456,14001,14510,14942,15313,15613,15848,15986,16069,16097,15976,15862,15630,15325,14974,14527,13945,13471,12859,12209,11523,10812,10033,9269,8479,7712,6918,6154,5389,4677,3975,3323,2722,2156,1672,1221,855,556,323,180,101,94,175,318,561,852,1225,1672,2161,2729,3323,3981,4671,5391,6154,6927,7707,8473,9273,10043,10790,11515,12214,12873,13479,14034,14543,14938,15339,15660,15868,16025,16097,16103,16014,15867,15637,15339,14991,14534,14033,13482,12882,12214,11521,10800,10051,9283,8488,7719,6929,6155,5401,4679,3975,3326,2721,2161,1664,1224,852,569,317,180,93,103,171,321,555,849,1228,1668,2165,2720,3327,3977,4673,5392,6155,6908,7716
8481,9281,10044,10810,11524,12215,12887,13489,14049,14542,14970,15340,15650,15863,16016,16105,16111,15978,15872,15647,15334,14977,14539,14044,13477,12881,12222,11525,10798,10029,9278,8484,7711,6919,6154,5400,4676,3979,3323,2717,2160,1667,1222,846,552,311,169,92,91,170,316,558,850,1225,1661,2156,2720,3332,3974,4675,5397,6157,6897,7714,8448,9284,10044,10806,11535,12221,12882,13460,14036,14546,14968,15338,15640,15861,16015,16096,16089,16031,15867,15642,15336,14902,14532,14035,13475,12875,12220,11529,10802,10049,9279,8490,7710,6923,6162,5397,4682,3975,3329,2719,2164,1664,1242,841,570,318,170,94,96,175,325,558,876,1216,1668,2157,2718,3323,3975,4674,5396,6153,6917,7710
8503,9273,10034,10797,11520,12208,12878,13471,14038,14538,14966,15271,15646,15872,16032,16119,16124,16029,15870,15647,15348,14961,14546,14047,13476,12842,12215,11520,10737,10042,9256,8485,7716,6924,6160,5396,4677,3975,3326,2720,2172,1664,1230,852,561,350,174,95,101,172,322,556,853,1225,1665,2160,2717,3322,3976,4677,5409,6155,6927,7713,8484,9273,10058,10795,11525,12216,12883,13474,14052,14528,14981,15349,15637,15898,16037,16100,16118,16024,15854,15656,15328,14968,14542,14042,13478,12875,12207,11518,10796,10040,9230,8477,7710,6922,6143,5397,4680,3978,3327,2720,2165,1667,1226,851,562,321,173,98,97,177,328,557,854,1225,1668,2163,2720,3326,3977,4675,5396,6144,6924,7717
8485,9244,10038,10801,11523,12198,12865,13467,14031,14521,14955,15320,15627,15855,16006,16078,16104,16029,15896,15637,15330,14962,14528,13958,13477,12863,12202,11523,10771,10024,9276,8486,7713,6923,6160,5402,4681,3973,3328,2720,2154,1671,1233,856,557,320,177,104,101,182,338,561,855,1232,1662,2158,2720,3328,3978,4676,5392,6155,6910,7711,8477,9279,10038,10793,11519,12214,12872,13467,14017,14519,14959,15328,15618,15853,16023,16086,16092,16028,15861,15632,15339,14965,14526,14021,13483,12868,12208,11526,10812,10033,9237,8483,7718,6904,6140,5390,4668,3977,3333,2720,2165,1673,1232,868,554,337,171,94,91,168,318,560,841,1222,1664,2163,2719,3330,3979,4680,5393,6144,6917,7706
8467,9262,10028,10778,11511,12201,12880,13406,13963,14499,14966,15322,15578,15862,16030,16115,16123,16027,15864,15651,15342,14962,14529,14019,13482,12887,12212,11519,10788,10041,9276,8480,7709,6924,6141,5397,4677,3982,3326,2718,2164,1664,1223,851,558,325,174,98,101,176,325,559,849,1227,1667,2164,2718,3325,3977,4676,5398,6155,6918,7714,8485,9268,10037,10804,11527,12216,12866,13418,14044,14537,14983,15325,15649,15870,16042,16111,16110,16033,15867,15671,15326,14976,14534,14026,13492,12882,12220,11524,10798,10048,9200,8419,7716,6920,6154,5396,4674,3972,3326,2720,2168,1668,1227,850,559,327,174,103,99,182,321,556,849,1223,1668,2159,2720,3331,3967,4680,5402,6156,6920,7724
8485,9276,10042,10788,11508,12218,12876,13472,14034,14533,14967,15340,15637,15871,16034,16116,16097,16034,15855,15654,15334,14966,14536,14024,13483,12865,12203,11497,10792,10038,9270,8479,7707,6916,6155,5391,4686,3979,3329,2723,2169,1671,1226,850,560,329,173,101,96,181,327,562,851,1226,1670,2165,2717,3333,3979,4675,5403,6123,6916,7710,8481,9277,10038,10791,11514,12213,12874,13478,14047,14521,14977,15335,15643,15864,16028,16099,16097,16015,15866,15645,15310,14975,14532,14029,13481,12887,12222,11530,10813,10038,9262,8485,7715,6920,6158,5396,4676,3979,3324,2719,2162,1665,1221,852,560,333,208,101,103,177,325,566,851,1227,1664,2160,2719,3324,3978,4677,5391,6144,6918,7709
8478,9265,10034,10793,11521,12201,12864,13478,14039,14512,14976,15327,15633,15857,16012,16020,16092,16016,15859,15643,15330,14969,14524,14045,13475,12783,12206,11524,10793,10040,9273,8477,7709,6919,6144,5389,4676,3974,3326,2720,2164,1669,1227,853,560,321,191,101,102,173,319,559,850,1226,1668,2165,2720,3326,3979,4675,5398,6153,6920,7708,8483,9267,10040,10738,11518,12208,12860,13469,14031,14521,14969,15334,15645,15856,16025,16104,16098,16013,15840,15633,15335,14959,14472,14026,13457,12758,12212,11521,10788,10038,9263,8482,7709,6919,6152,5402,4681,3976,3322,2722,2160,1678,1238,853,556,321,172,103,118,178,321,559,851,1240,1661,2167,2722,3322,3980,4675,5391,6143,6919,7713
8485,9282,10038,10797,11514,12205,12874,13474,14033,14519,14972,15333,15621,15860,16025,16094,16099,16019,15862,15640,15338,14982,14537,14056,13485,12878,12206,11516,10798,10036,9272,8486,7718,6926,6157,5402,4677,3978,3328,2722,2165,1659,1224,851,558,318,166,94,87,169,313,565,852,1223,1694,2159,2717,3324,3975,4674,5397,6156,6919,7715,8483,9277,10036,10807,11531,12227,12883,13481,14056,14556,14991,15336,15661,15878,16046,16121,16126,16039,15875,15659,15352,14968,14536,14044,13489,12879,12215,11525,10807,10044,9274,8482,7713,6921,6159,5404,4675,3980,3326,2720,2159,1664,1223,854,556,333,172,96,96,165,327,552,852,1225,1667,2160,2723,3326,3976,4673,5397,6158,6918,7714
8476,9269,10039,10797,11521,12219,12868,13479,14044,14512,14972,15342,15647,15864,16035,16102,16116,16022,15870,15646,15335,14965,14544,14028,13497,12874,12232,11535,10805,10040,9279,8496,7719,6921,6133,5400,4677,3976,3328,2720,2170,1661,1228,853,586,314,170,89,98,174,340,564,830,1224,1662,2172,2723,3319,3978,4672,5406,6157,6926,7666,8489,9286,10061,10811,11472,12219,12898,13502,14056,14564,15012,15367,15666,15898,16057,16156,16150,16069,15904,15659,15393,14991,14562,14054,13499,12896,12206,11521,10814,10044,9284,8484,7714,6920,6157,5398,4678,3975,3321,2725,2160,1660,1232,845,560,330,170,92,97,173,319,560,849,1223,1662,2158,2717,3329,3976,4676,5399,6156,6924,7716
8488,9267,10049,10796,11520,12211,12881,13467,14029,14528,14961,15354,15635,15863,16018,16094,16093,16018,15846,15624,15322,14968,14521,14013,13477,12861,12206,11513,10790,10032,9256,8475,7704,6921,6154,5396,4680,3975,3325,2724,2166,1675,1230,854,560,329,215,95,91,163,319,555,855,1226,1664,2161,2722,3324,3977,4674,5396,6141,6912,7707,8465,9267,10036,10786,11513,12202,12860,13454,14027,14515,14958,15218,15608,15837,16011,16091,16091,16003,15867,15625,15320,14966,14529,14026,13464,12868,12204,11524,10798,10038,9274,8483,7699,6917,6156,5397,4672,3981,3330,2717,2162,1669,1231,855,561,320,164,102,117,189,324,558,854,1238,1670,2158,2717,3333,3979,4671,5402,6143,6925,7706
8490,9278,10042,10802,11530,12234,12876,13493,14029,14532,14980,15347,15640,15893,16029,16110,16109,16027,15893,15650,15319,14973,14544,14034,13483,12872,12222,11530,10816,10049,9280,8483,7708,6915,6155,5398,4673,3975,3319,2716,2162,1667,1225,846,562,317,173,91,96,173,318,556,841,1225,1673,2156,2722,3321,3976,4679,5405,6159,6921,7709,8475,9268,10029,10793,11511,12193,12832,13480,14043,14532,14960,15332,15640,15862,16015,16093,16053,16015,15863,15642,15338,14978,14526,14025,13479,12861,12209,11517,10790,10036,9272,8486,7709,6921,6153,5398,4674,3981,3322,2727,2158,1671,1226,853,553,322,172,98,97,175,320,555,847,1232,1664,2157,2719,3325,3983,4676,5398,6141,6922,7720
8476,9268,10032,10791,11521,12204,12858,13471,14030,14518,14964,15334,15624,15816,16004,16088,16090,16021,15843,15622,15318,14951,14516,14032,13461,12859,12199,11508,10783,10029,9267,8478,7707,6918,6150,5398,4675,3980,3323,2723,2164,1667,1227,856,563,323,177,101,99,181,323,571,864,1254,1671,2166,2712,3330,3972,4672,5391,6140,6910,7705,8474,9271,10029,10787,11514,12198,12778,13471,14020,14517,14957,15323,15632,15847,16012,16083,16086,16011,15829,15629,15319,14958,14520,14009,13423,12845,12163,11498,10781,10032,9268,8474,7712,6918,6140,5389,4669,3981,3325,2715,2163,1660,1235,847,559,307,169,96,101,176,328,555,852,1230,1665,2164,2720,3316,3970,4677,5397,6151,6919,7705
8485,9271,10037,10794,11515,12185,12863,13469,14022,14517,14957,15315,15629,15855,16033,16105,16078,16018,15862,15651,15336,14958,14527,13994,13460,12859,12211,11519,10800,10040,9272,8484,7716,6917,6145,5392,4674,3978,3327,2719,2158,1662,1231,850,551,315,175,92,96,179,328,561,854,1213,1675,2160,2719,3324,3978,4673,5395,6142,6921,7703,8472,9266,10034,10795,11501,12159,12866,13462,14026,14535,14965,15341,15646,15859,16024,16095,16103,16026,15863,15639,15337,14962,14515,14043,13484,12880,12225,11509,10795,10034,9284,8481,7714,6921,6158,5396,4678,3979,3327,2717,2160,1666,1229,849,550,316,175,101,94,171,325,558,849,1225,1668,2167,2725,3324,3976,4676,5399,6154,6922,7703
8484,9247,10033,10795,11511,12204,12865,13474,14019,14520,14957,15326,15640,15873,16012,16088,16083,16028,15868,15527,15308,14953,14518,14015,13415,12857,12209,11519,10790,10008,9273,8479,7713,6921,6155,5397,4672,3986,3327,2728,2161,1668,1233,856,573,320,176,103,102,178,328,561,853,1231,1667,2160,2708,3334,3984,4675,5394,6138,6917,7707,8480,9276,10033,10794,11511,12204,12825,13481,14031,14529,14947,15324,15628,15845,16008,16085,16061,16019,15858,15655,15333,14961,14538,14037,13474,12871,12199,11524,10797,10025,9263,8475,7717,6915,6138,5399,4677,3979,3325,2726,2159,1665,1232,849,562,325,182,105,94,180,327,561,854,1223,1667,2169,2721,3327,3975,4676,5394,6123,6917,7708
8473,9265,10034,10793,11507,12198,12864,13465,14017,14514,14950,15313,15629,15847,16015,16096,16090,16032,15855,15632,15329,14977,14524,14016,13472,12867,12204,11509,10787,10032,9269,8474,7711,6897,6154,5398,4677,3978,3330,2725,2162,1670,1228,854,560,330,173,97,95,180,327,562,853,1245,1675,2169,2724,3329,3975,4674,5394,6140,6917,7709,8476,9263,10034,10783,11511,12191,12850,13451,14004,14504,14946,15307,15607,15835,16007,16115,16108,16023,15869,15667,15361,15000,14556,14061,13501,12901,12233,11537,10815,10061,9291,8493,7721,6924,6142,5402,4677,3985,3328,2709,2151,1669,1208,842,549,303,156,95,90,169,303,546,845,1250,1654,2162,2720,3326,3979,4670,5405,6161,6915,7721
8491,9279,10052,10808,11530,12222,12894,13511,14050,14552,15008,15350,15670,15923,16049,16115,16126,16055,15915,15675,15362,14994,14567,14062,13498,12889,12205,11520,10816,10051,9294,8490,7726,6920,6162,5404,4683,3979,3326,2719,2155,1661,1221,837,552,310,163,89,84,177,327,561,854,1232,1666,2163,2717,3324,3978,4676,5392,6144,6934,7725,8493,9290,10053,10806,11492,12233,12875,13494,14049,14558,15002,15351,15667,15905,16052,16144,16147,16041,15901,15663,15362,15009,14461,14054,13402,12872,12230,11549,10808,10002,9283,8490,7725,6917,6141,5394,4678,3974,3327,2716,2159,1661,1215,840,560,315,158,86,90,163,350,545,842,1220,1664,2157,2717,3324,3978,4674,5401,6160,6924,7719
8493,9285,10031,10809,11519,12217,12881,13500,14048,14540,14985,15301,15666,15899,16043,16133,16132,16048,15898,15645,15356,14989,14548,14049,13497,12895,12221,11531,10813,10051,9284,8487,7720,6922,6155,5400,4669,3991,3323,2716,2176,1659,1224,852,560,350,172,103,97,191,328,563,852,1222,1661,2160,2715,3322,3977,4682,5396,6157,6922,7717,8472,9268,10047,10798,11528,12208,12851,13466,14037,14506,14961,15354,15559,15863,16005,16089,16106,16031,15865,15633,15335,14954,14547,14042,13482,12876,12208,11528,10798,10044,9283,8483,7718,6925,6159,5391,4676,3987,3324,2720,2161,1663,1235,854,560,327,170,99,112,172,320,551,851,1225,1659,2169,2711,3327,3978,4678,5401,6162,6935,7723
8493,9291,10065,10816,11564,12183,12888,13498,14062,14572,14927,15307,15679,15806,16052,16133,16134,16028,15898,15667,15367,14977,14550,14056,13477,12883,12230,11563,10810,10055,9281,8499,7723,6932,6165,5401,4676,3979,3322,2718,2158,1661,1242,852,558,352,172,102,101,174,310,548,842,1232,1656,2155,2715,3324,3979,4686,5402,6166,6928,7724,8500,9293,10056,10815,11540,12230,12898,13498,14072,14580,15013,15356,15674,15875,16051,16134,16122,15999,15828,15620,15309,14959,14561,14058,13511,12858,12234,11529,10806,10054,9280,8488,7717,6929,6157,5399,4680,3981,3328,2716,2154,1662,1215,844,543,318,166,94,96,167,316,553,844,1223,1669,2191,2722,3328,3982,4679,5402,6163,6925,7722
8440,9268,10029,10776,11513,12158,12849,13483,14054,14557,14991,15357,15675,15835,16037,16124,16110,16029,15877,15648,15333,14982,14536,14045,13484,12886,12217,11531,10806,10045,9279,8481,7711,6920,6161,5396,4675,3975,3329,2717,2156,1659,1208,834,548,313,165,90,79,172,311,549,837,1220,1661,2166,2720,3322,3977,4675,5394,6160,6931,7724,8487,9291,10051,10790,11532,12198,12861,13460,14028,14504,14960,15228,15638,15860,16009,16078,16098,16016,15855,15639,15328,14913,14521,14028,13508,12892,12213,11540,10813,10057,9288,8486,7712,6927,6161,5398,4678,3977,3324,2711,2159,1660,1223,845,549,319,165,88,91,167,313,548,839,1213,1662,2157,2718,3323,3979,4688,5401,6161,6933,7731
8493,9284,10061,10808,11540,12228,12907,13521,14073,14565,15014,15393,15682,15928,16077,16168,16164,16075,15920,15635,15394,15021,14563,14063,13496,12913,12243,11546,10817,10054,9283,8493,7723,6932,6159,5399,4674,3976,3328,2718,2156,1660,1220,844,542,310,162,84,81,160,313,545,843,1221,1663,2158,2716,3317,3978,4668,5402,6156,6915,7716,8484,9273,10004,10780,11516,12202,12860,13465,14026,14516,14964,15278,15639,15844,16016,16101,16097,16014,15904,15643,15335,14967,14520,14021,13436,12889,12236,11544,10813,10063,9305,8501,7728,6940,6161,5403,4672,3985,3326,2725,2169,1655,1213,854,540,314,163,81,81,164,300,543,841,1212,1663,2160,2706,3327,3969,4671,5390,6164,6928,7721
8492,9294,10067,10824,11549,12238,12861,13504,14071,14562,15012,15345,15678,15932,16054,16151,16154,16054,15914,15677,15389,15004,14573,13938,13513,12895,12233,11550,10812,10064,9292,8487,7721,6930,6163,5403,4676,3980,3321,2716,2157,1658,1214,840,563,316,177,97,95,182,318,557,858,1231,1665,2160,2713,3316,3974,4680,5402,6160,6921,7723,8501,9293,10069,10804,11548,12235,12886,13498,14057,14557,14993,15385,15670,15926,16044,16178,16120,16080,15910,15667,15394,15000,14563,13987,13529,12901,12240,11545,10817,10033,9290,8496,7722,6928,6162,5401,4680,3979,3324,2718,2159,1661,1218,840,544,310,160,91,80,164,314,546,839,1223,1661,2161,2716,3325,3977,4679,5398,6159,6925,7711
