12658,14324,16060,1512,3223,4901,6553,8296,10037,11605,13372,15137,525,2165,3927,5511,7298,8960,10571,12386,14094,15721,1251,2899,4508,6254,7950,9636,11358,13017,14668,249,1876,3463,5358,6935,8529,10346,12017,13641,15437,876,2530,4261,5928,7520,9371,11001,12683,14432,16090,1417,3260,4918,6423,8293,9967,11605,13424,14996,651,2255,3884,5500,7319,8902,10585,12375,14059,15690,1247,2881,4530,6314,7926,9587,11335,12978,14680,238,1872,3498,5284,6936,8578,10294,12002,13643,15447,874,2494,4278,5903,7553,9336,10971,12642,14416,16073,1513,3247,4907,6519,8290,9945,11584,13388,15052,522,2239,3897,5534,7305,8933,10609,12309,14048,15697,1244,2894,4500,6273,7941,9572,11362,13026,14650,246
1863,3495,5304,6931,8571,10339,12005,13654,15429,875,2514,4271,5892,7547,9345,10955,12613,14412,16079,1481,3263,4899,6549,8321,9944,11598,13402,15047,524,2249,3899,5466,7331,8950,10565,12381,14051,15670,1251,2867,4530,6289,7943,9536,11380,12992,14674,272,1876,3529,5219,6879,8528,10335,12014,13612,15462,835,2508,4300,5891,7576,9335,10956,12650,14518,16057,1676,3273,4859,6484,8336,9945,11588,13422,15037,439,2283,3888,5538,7248,8914,10619,12350,14048,15664,1243,2883,4495,6300,7924,9610,11379,12984,14645,256,1884,3535,5299,6924,8547,10391,12011,13648,15441,851,2539,4233,5905,7575,9325,10871,12697,14344,16138,1499,3225,4934,6474,8327,9948,11547,13389,15053,498,2272,3965,5543
7350,8882,10605,12394,14052,15348,1289,2883,4527,6277,7861,9554,11358,12951,14638,238,1852,3455,5261,6937,8533,10333,11959,13637,15432,886,2491,4237,5854,7563,9319,10975,12655,14368,16093,1512,3265,4898,6531,8323,9945,11595,13410,15049,498,2199,3883,5516,7339,8930,10578,12342,14012,15691,1237,2904,4533,6351,7937,9584,11340,13006,14680,248,1878,3509,5276,6915,8543,10349,11982,13659,15423,884,2483,4283,5931,7556,9328,10985,12599,14414,16073,1492,3265,4884,6509,8313,9949,11622,13346,15053,475,2225,3903,5517,7288,8965,10578,12349,14038,15663,1243,2886,4516,6279,7933,9561,11374,13000,14635,258,1867,3516,5284,6937,8570,10337,12004,13624,15435,872,2489,4261,5865,7546,9322,10934
12645,14411,16145,1512,3263,4893,6524,8310,9941,11596,13407,15096,496,2211,3890,5530,7236,8951,10598,12368,14036,15695,1244,2915,4516,6275,7929,9603,11315,12993,14635,248,1847,3503,5262,6919,8570,10361,11961,13650,15416,884,2477,4300,5813,7542,9353,10974,12613,14401,16051,1547,3258,4916,6541,8288,9903,11650,13377,15060,516,2201,3908,5540,7292,8910,10610,12386,14038,15696,1233,2899,4521,6303,7856,9566,11351,13069,14615,209,1906,3519,5306,6994,8577,10289,11976,13643,15482,885,2521,4245,5887,7595,9152,10973,12745,14434,16026,1500,3330,4870,6644,8326,9943,11660,13447,15063,529,2260,3827,5541,7311,8938,10521,12356,14006,15706,1271,2902,4659,6276,7943,9661,11376,13015,14671,248
1889,3501,5281,6963,8530,10349,12010,13655,15391,869,2504,4256,5905,7570,9328,10974,12626,14388,16070,1498,3260,4902,6475,8293,9969,11629,13385,15070,495,2267,3815,5527,7297,8945,10583,12318,14039,15674,1272,2870,4518,6327,7926,9555,11366,13022,14647,251,1877,3520,5261,6875,8583,10358,11996,13652,15433,855,2508,4274,5909,7543,9357,10973,12621,14419,16061,1475,3274,4896,6534,8306,9953,11610,13386,15064,498,2266,3918,5517,7309,8950,10596,12370,14031,15683,1251,2904,4495,6360,7941,9604,11371,13008,14657,289,1897,3500,5276,6935,8552,10321,12009,13629,15386,873,2465,4271,5917,7602,9294,11009,12589,14426,16102,1508,3239,4941,6547,8317,9908,11516,13393,15189,460,2320,3898,5681
7389,8956,10629,12328,14026,15699,1230,2876,4540,6302,7971,9548,11352,12960,14673,252,1792,3524,5349,6927,8540,10338,12002,13652,15350,895,2575,4248,5892,7628,9318,11052,12651,14357,16116,1483,3268,4893,6551,8326,9935,11553,13332,15116,573,2435,3889,5475,7305,8965,10584,12364,14005,15713,1251,2870,4481,6299,7962,9633,11362,13014,14676,229,1846,3550,5269,6920,8563,10351,11963,13631,15458,836,2534,4253,5859,7548,9308,10986,12626,14446,16074,1559,3241,4893,6537,8319,9951,11608,13398,15059,482,2275,3887,5522,7331,8951,10595,12366,14034,15677,1235,2886,4512,6291,7936,9572,11365,13016,14659,258,1892,3493,5293,6951,8544,10357,11957,13592,15444,882,2489,4271,5895,7544,9327,10970
12579,14409,16088,1479,3252,4898,6482,8258,9942,11596,13381,15048,479,2264,3839,5541,7302,8956,10584,12398,14040,15699,1258,2891,4512,6309,7960,9572,11410,13013,14647,264,1897,3492,5296,6908,8553,10359,12014,13623,15484,846,2500,4288,5917,7558,9330,10965,12627,14418,16067,1503,3223,4870,6558,8254,9983,11603,13360,15035,552,2252,3904,5540,7275,8961,10603,12356,14090,15686,1247,2889,4566,6335,7926,9564,11397,12962,14714,275,1955,3526,4943,7004,8565,10296,11975,13676,15572,861,2501,4225,5842,7579,9318,10986,12635,14340,16115,1602,3164,4895,6522,8379,10024,11605,13437,15012,495,2245,3903,5507,7330,8982,10610,12370,14103,15674,1271,2886,4351,6290,7988,9605,11380,13018,14761,316
1885,3549,5266,6901,8508,10459,12018,13621,15431,926,2394,4232,5874,7277,9318,10986,12675,14425,16059,1496,3261,4903,6542,8293,9942,11622,13267,15010,495,2247,3916,5500,7312,8908,10571,12375,14031,15563,1255,2882,4527,6278,8008,9590,11361,13007,14664,274,1936,3505,5287,6925,8536,10359,12007,13629,15431,859,2486,4266,5920,7544,9334,10972,12635,14395,16079,1470,3213,4900,6546,8310,9947,11601,13388,15073,450,2275,3894,5519,7310,8943,10580,12265,14013,15753,1250,2844,4518,6267,7936,9585,11371,13003,14666,258,1895,3501,5272,6909,8544,10319,11984,13650,15262,889,2507,4316,5903,7531,9337,10976,12619,14420,16061,1472,3262,4900,6550,8325,9935,11577,13404,15033,484,2261,3817,5518
7309,8950,10582,12379,14011,15672,1258,2920,4526,6288,7936,9584,11354,13007,14690,278,1874,3524,5391,6935,8552,10299,11952,13638,15413,928,2501,4266,5908,7574,9324,10977,12631,14382,16027,1481,3265,4864,6411,8374,9973,11542,13432,15024,526,2129,3907,5538,7292,8935,10605,12384,14028,15399,1042,2900,4539,6317,7893,9542,11342,12982,14695,334,1876,3499,5293,6950,8514,10379,11998,13663,15528,814,2440,4264,5890,7526,9193,10950,12580,14460,16078,1439,3257,4913,6482,8348,9973,11643,13403,14995,535,2222,3874,5538,7311,8914,10619,12356,13963,15642,1225,2900,4501,6285,7986,9583,11367,12997,14752,265,1884,3553,5279,6993,8569,10294,11958,13641,15516,902,2568,4271,5915,7542,9321,10979
12622,14387,16089,1499,3275,4931,6541,8303,9948,11597,13391,15035,517,2238,3894,5503,7304,8825,10576,12366,14027,15660,1259,2895,4516,6315,7922,9586,11384,12994,14669,293,1797,3494,5296,6921,8575,10325,11980,13657,15429,908,2505,4265,5897,7554,9347,10963,12644,14416,16044,1503,3266,4893,6531,8317,9923,11607,13406,15037,534,2259,3877,5523,7302,8952,10605,12394,14012,15695,1259,2892,4520,6283,7932,9580,11356,13004,14646,250,1891,3491,5294,6936,8552,10343,12002,13637,15449,869,2492,4279,5897,7522,9327,10964,12599,14403,16059,1492,3264,4906,6538,8334,9976,11620,13431,15017,483,2231,3713,5536,7331,8940,10573,12315,14025,15730,1286,2871,4500,6326,7914,9599,11359,12971,14667,329
1789,3501,5313,6934,8415,10347,11951,13674,15460,894,2508,4295,5956,7481,9352,11070,12627,14393,16076,1481,3288,4869,6668,8383,9919,11688,13457,15032,477,2259,3839,5545,7286,8955,10514,12350,14041,15712,1251,2899,4482,6301,7965,9563,11379,13009,14621,289,1977,3514,5257,6956,8532,10324,11993,13734,15500,888,2492,4289,5882,7527,9279,10964,12673,14383,16006,1492,3291,4886,6559,8312,9956,11713,13407,15060,529,2183,3886,5504,7304,8968,10609,12365,14004,15674,1259,2860,4474,6299,7928,9556,11372,13014,14649,268,1877,3510,5277,6913,8549,10257,12010,13625,15432,886,2501,4231,5926,7531,9332,10997,12609,14434,16074,1489,3251,4904,6535,8335,9931,11621,13435,15043,533,2254,3911,5546
7303,8939,10604,12389,14054,15666,1272,2896,4502,6287,7943,9524,11363,13017,14676,271,1879,3499,5300,6913,8513,10360,12008,13638,15457,852,2495,4274,5893,7559,9347,10981,12609,14403,16074,1498,3252,4895,6547,8295,9973,11599,13397,15055,482,2248,3880,5510,7308,8858,10583,12377,14027,15692,1253,2911,4517,6296,7943,9573,11337,13023,14700,214,1872,3505,5352,6920,8572,10365,11975,13619,15432,899,2488,4276,5890,7555,9343,10991,12668,14397,16043,1522,3255,4907,6560,8277,9978,11607,13384,14991,449,2273,3889,5520,7295,8928,10599,12343,14093,15701,1284,2864,4481,6331,8009,9570,11327,12983,14667,225,1878,3433,5194,7011,8547,10332,11983,13690,15449,876,2513,4251,5898,7557,9324,10974
12628,14419,16052,1491,3286,4903,6491,8317,9975,11594,13397,15050,500,2308,3889,5482,7293,8932,10619,12368,13988,15690,1203,2876,4512,6286,7947,9564,11366,13022,14588,233,1867,3556,5261,6931,8551,10321,11993,13665,15431,852,2510,4282,5950,7541,9320,10990,12619,14416,16094,1478,3257,4885,6524,8317,9964,11622,13381,15053,493,2262,3879,5513,7316,8945,10590,12378,14051,15650,1244,2845,4510,6288,7941,9568,11364,13025,14643,265,1876,3489,5274,6948,8575,10349,11991,13637,15417,862,2498,4254,5910,7581,9339,10970,12620,14408,16081,1482,3238,4899,6529,8318,9955,11585,13386,15060,569,2245,3879,5545,7288,8947,10576,12373,14047,15678,1262,2940,4508,6308,7931,9540,11372,13005,14598,266
1917,3538,5261,6932,8565,10381,11998,13644,15399,862,2521,4300,5927,7567,9285,11034,12510,14490,15995,1678,3254,4948,6391,8340,9907,11575,13370,15077,498,2284,3902,5573,7305,8961,10439,12357,14052,15651,1287,2909,4521,6217,7952,9540,11326,13011,14734,262,1894,3488,5259,6901,8519,10279,12012,13636,15352,833,2466,4266,5781,7578,9326,10983,12625,14433,16057,1573,3249,4970,6559,8332,9963,11653,13406,15042,428,2329,3876,5544,7298,8936,10582,12290,14035,15588,1235,2916,4502,6313,7944,9751,11396,13021,14607,309,1894,3497,5226,6903,8549,10344,12031,13466,15421,906,2501,4271,5943,7552,9332,10811,12614,14442,16100,1508,3242,4871,6528,8314,9907,11428,13404,15067,518,2266,3880,5489
7314,8967,10569,12348,14066,15674,1270,2851,4509,6312,7899,9538,11349,12954,14666,266,1868,3518,5275,6918,8569,10329,12004,13635,15392,867,2522,4257,5948,7542,9342,10979,12628,14401,16098,1509,3251,4892,6544,8298,9940,11613,13386,15059,491,2233,3890,5522,7304,8961,10590,12401,14071,15686,1264,2884,4520,6297,7918,9576,11359,12943,14661,255,1888,3533,5258,6919,8561,10320,12003,13669,15459,864,2492,4270,5911,7566,9320,10970,12618,14381,16088,1467,3293,4914,6519,8317,9947,11625,13510,15130,498,2261,3846,5516,7320,8966,10591,12342,14011,15649,1280,2961,4508,6243,7909,9585,11373,13035,14570,228,1883,3481,5302,6908,8539,10423,12004,13677,15450,896,2502,4267,5855,7532,9333,10880
12603,14399,16161,1550,3306,4884,6550,8302,9901,11610,13311,15011,488,2255,3845,5549,7352,8918,10561,12390,14008,15692,1227,2873,4553,6257,7941,9585,11302,13018,14673,256,1872,3559,5325,7028,8569,10327,11965,13650,15460,882,2320,4286,5866,7545,9339,10997,12621,14379,16099,1506,3324,4851,6542,8328,9978,11507,13399,15060,427,2260,3915,5522,7390,8947,10579,12351,14048,15623,1261,2828,4490,6307,7908,9614,11365,13001,14639,256,1869,3520,5304,6917,8556,10350,11998,13638,15493,853,2506,4300,5905,7552,9316,10957,12635,14437,16073,1500,3262,4900,6537,8302,10029,11610,13396,15039,491,2254,3871,5580,7317,8961,10609,12382,14060,15659,1258,2872,4516,6292,7935,9584,11339,13007,14647,251
1879,3483,5286,6903,8569,10343,11989,13681,15413,875,2491,4270,5922,7553,9322,10972,12616,14433,16067,1497,3253,4896,6543,8299,9962,11602,13366,15059,499,2223,3895,5511,7295,8955,10589,12375,14041,15709,1276,2916,4525,6308,7909,9593,11321,13013,14682,232,1878,3495,5279,6907,8570,10339,12018,13630,15420,855,2535,4314,5937,7532,9311,10969,12628,14398,16098,1502,3157,4968,6547,8397,9947,11598,13417,15072,436,2333,3905,5510,7212,8907,10597,12359,14040,15685,1268,2909,4574,6258,7948,9591,11335,12960,14617,264,1907,3497,5328,6861,8595,10332,11940,13590,15425,884,2529,4276,5915,7230,9309,10987,12631,14405,16027,1486,3216,4856,6590,8309,9974,11566,13122,15092,461,2239,3805,5497
7340,8951,10558,12357,14028,15575,1285,2903,4483,6298,7923,9578,11316,13019,14662,292,1867,3494,5255,6891,8571,10353,12005,13633,15407,880,2538,4277,5951,7553,9330,10966,12616,14436,16095,1505,3227,4895,6626,8301,9967,11605,13394,15036,413,2247,3871,5529,7217,8920,10607,12374,14038,15735,1259,2859,4531,6288,7946,9596,11357,13000,14639,248,1882,3503,5272,6938,8551,10358,12003,13639,15428,867,2502,4259,5910,7601,9316,10989,12610,14406,16050,1479,3277,4908,6537,8291,9977,11634,13388,15053,491,2270,3915,5517,7312,8926,10584,12424,14037,15679,1277,2784,4536,6287,7947,9578,11339,12982,14653,248,1917,3509,5297,6934,8539,10344,12012,13644,15450,885,2473,4283,5880,7567,9341,10992
12549,14346,16090,1559,3256,4883,6541,8295,9957,11609,13370,15146,549,2203,3884,5594,7313,9003,10619,12376,13964,15690,1291,2886,4495,6279,7951,9590,11363,13007,14687,260,1791,3540,5268,6902,8577,10176,11981,13653,15408,878,2479,4265,5908,7559,9290,10924,12691,14406,16092,1467,3251,4886,6529,8325,9946,11760,13342,14757,525,2245,3845,5554,7315,8937,10573,12391,14014,15677,1233,2884,4485,6314,7908,9547,11450,13028,14649,258,1848,3577,5280,6955,8538,10359,12023,13681,15444,879,2504,4280,5931,7573,9364,11005,12611,14433,16052,1497,3262,4895,6417,8306,9924,11687,13353,15064,499,2252,3884,5554,7332,8963,10620,12375,14023,15648,1253,2908,4514,6246,7938,9597,11350,13034,14648,249
1878,3508,5262,6941,8580,10357,11982,13634,15422,858,2507,4282,5896,7571,9325,10978,12635,14422,16071,1500,3268,4880,6526,8180,9976,11592,13383,15058,488,2212,3898,5539,7300,8942,10585,12390,14026,15704,1241,2879,4529,6350,7949,9572,11357,13024,14672,245,1876,3500,5284,6923,8566,10327,11985,13623,15424,862,2504,4286,5927,7554,9352,10990,12610,14421,16058,1516,3227,4899,6527,8326,10000,11597,13414,15034,497,2250,3888,5528,7306,8955,10578,12398,14009,15691,1245,2895,4515,6288,7955,9590,11330,13023,14637,271,1875,3519,5302,6926,8518,10361,12011,13643,15448,801,2456,4206,5878,7588,9301,10934,12603,14373,16082,1483,3260,4875,6538,8299,9954,11682,13352,15044,557,2188,3879,5549
7296,8906,10475,12390,13987,15715,1330,2870,4502,6304,7939,9558,11467,12860,14674,238,1862,3531,5235,6894,8472,10301,11987,13619,15449,885,2488,4246,5958,7536,9339,10977,12646,14481,16143,1457,3246,4909,6417,8328,9966,11634,13364,15070,495,2217,3891,5585,7298,8937,10598,12288,13949,15662,1284,2898,4509,6322,7984,9542,11362,13035,14624,282,1866,3500,5264,6931,8532,10305,11970,13670,15462,889,2471,4234,5921,7528,9355,10945,12638,14357,16025,1495,3252,4880,6540,8306,9962,11626,13399,15039,565,2269,3709,5537,7310,8955,10580,12393,14053,15682,1259,2881,4521,6281,7943,9530,11389,13000,14659,200,1868,3524,5262,6926,8583,10314,12001,13620,15439,870,2505,4264,5898,7546,9334,10982
12646,14418,16083,1503,3288,4882,6531,8296,9942,11599,13388,15034,526,2262,3908,5507,7311,8938,10607,12370,14040,15672,1269,2847,4512,6240,7952,9571,11368,13044,14672,258,1869,3527,5295,6915,8562,10339,11994,13721,15426,860,2479,4269,5903,7549,9321,10970,12642,14425,16092,1470,3256,4890,6538,8306,9967,11605,13405,15052,482,2224,3900,5534,7323,8908,10593,12350,14050,15692,1252,2876,4535,6311,7995,9518,11293,13023,14665,264,1789,3519,5262,6912,8623,10398,11904,13585,15276,830,2545,4303,5787,7562,9428,10995,12578,14429,15965,1566,3253,4903,6494,8279,9949,11529,13399,15023,488,2272,3852,5532,7419,8903,10600,12316,14053,15661,1189,2778,4533,6288,7960,9577,11354,12993,14637,278
1872,3522,5262,6892,8623,10378,12129,13689,15445,828,2490,4312,5885,7544,9339,10946,12758,14297,16151,1546,3308,4933,6585,8300,9986,11619,13363,15018,522,2239,3824,5536,7321,8939,10599,12415,14018,15789,1244,2885,4446,6351,7940,9589,11366,13012,14628,321,1896,3483,5277,6935,8569,10348,11998,13641,15440,879,2493,4269,5847,7562,9339,10973,12611,14395,16108,1492,3239,4911,6543,8318,9973,11606,13405,15019,485,2251,3918,5540,7310,8933,10606,12389,14038,15662,1268,2886,4531,6274,7956,9588,11367,12958,14656,246,1876,3505,5285,6915,8532,10339,12012,13639,15449,863,2518,4215,5926,7533,9344,10968,12662,14409,16079,1518,3279,4893,6549,8309,9974,11599,13386,15005,526,2229,3892,5530
7301,8966,10580,12377,14037,15636,1259,2902,4502,6297,7939,9553,11364,13007,14706,245,1893,3508,5290,6903,8571,10339,11983,13658,15444,879,2505,4266,5906,7533,9348,10978,12646,14395,16064,1460,3251,4896,6519,8334,9950,11628,13414,15075,498,2204,3873,5513,7208,8972,10590,12375,14011,15658,1211,2891,4522,6280,7959,9585,11326,13029,14654,218,1848,3536,5290,6932,8575,10338,11956,13820,15470,894,2472,4248,5827,7542,9330,10976,12662,14471,16039,1485,3298,4879,6548,8338,9966,11635,13405,15035,478,2287,3903,5498,7306,8959,10615,12402,13982,15665,1245,2884,4507,6326,7941,9590,11408,13006,14652,291,1871,3504,5309,6919,8578,10342,12012,13707,15425,905,2473,4281,5863,7473,9366,10921
12658,14394,16035,1488,3271,4924,6538,8276,10063,11598,13456,15053,457,2333,3871,5459,7264,8952,10595,12366,14029,15634,1300,2902,4450,6340,7956,9595,11358,12966,14675,232,1758,3522,5361,6775,8574,10435,12019,13644,15359,877,2503,4273,5914,7556,9171,10976,12601,14426,16077,1499,3241,4863,6543,8239,9986,11609,13401,15050,435,2250,3903,5530,7294,8934,10592,12368,14056,15683,1233,2900,4507,6299,7909,9528,11355,13012,14673,289,1886,3521,5264,6918,8556,10347,12003,13622,15408,881,2583,4337,5892,7548,9333,10942,12648,14422,16079,1515,3268,4905,6520,8298,9952,11593,13414,15033,540,2251,3890,5531,7310,8939,10583,12370,14034,15679,1265,2834,4547,6303,7917,9590,11369,13013,14662,252
1879,3515,5285,6921,8551,10348,11997,13708,15430,896,2499,4271,5914,7541,9335,10960,12628,14424,16102,1498,3233,4911,6514,8323,10005,11686,13400,15056,498,2249,3892,5536,7312,8931,10610,12395,13928,15724,1265,2889,4517,6290,8009,9573,11363,13034,14638,256,1925,3514,5292,6872,8586,10414,11936,13667,15365,854,2467,4300,5902,7541,9355,11017,12599,14417,15969,1520,3264,4907,6508,8424,9913,11573,13346,15058,577,2187,3840,5411,7374,9050,10481,12285,13985,15581,1228,2880,4517,6340,7816,9564,11430,13022,14636,281,1850,3508,5342,6897,8480,10382,12095,13652,15494,845,2501,4282,5856,7526,9361,10966,12617,14424,16054,1510,3317,4960,6554,8299,9948,11605,13369,15033,499,2257,3891,5488
7313,8930,10587,12351,14052,15700,1249,2856,4516,6288,7918,9517,11332,13010,14638,269,1865,3519,5269,6951,8549,10359,11997,13577,15423,882,2479,4230,5919,7522,9330,10969,12627,14400,16067,1561,3261,4878,6543,8302,9984,11606,13413,15048,493,2248,3887,5459,7308,8932,10606,12384,14020,15674,1247,2882,4457,6292,7933,9593,11383,13028,14650,250,1861,3492,5280,6852,8571,10379,11988,13631,15439,864,2498,4261,5909,7530,9288,10980,12616,14431,16028,1506,3257,4907,6533,8336,9971,11586,13411,15045,499,2227,3894,5523,7288,8954,10596,12388,14017,15707,1238,2901,4514,6297,7855,9564,11367,13017,14685,223,1888,3507,5281,6934,8546,10362,11997,13650,15446,879,2502,4269,5930,7532,9337,10957
12624,14425,16083,1504,3285,4866,6556,8277,9980,11631,13395,15053,517,2258,3819,5471,7310,8823,10590,12374,14042,15645,1247,2865,4523,6329,7954,9571,11396,12908,14575,252,1873,3504,5291,6903,8577,10350,12047,13630,15481,892,2520,4264,5992,7518,9293,10999,12648,14367,16079,1492,3237,4891,6522,8347,9949,11616,13412,15073,460,2260,3901,5539,7297,8932,10672,12374,14126,15715,1246,2841,4502,6365,7934,9550,11367,13065,14625,256,1890,3520,5256,6888,8581,10301,12028,13615,15366,808,2503,4239,5899,7582,9309,10982,12587,14407,16066,1628,3212,4785,6532,8307,9978,11604,13414,15022,491,2216,3925,5502,7348,8934,10575,12336,14030,15715,1257,2866,4505,6267,7921,9510,11407,13017,14665,270
1860,3525,5279,7023,8614,10318,11999,13631,15424,818,2517,4341,5912,7550,8897,10973,12614,14409,16078,1452,3291,4899,6540,8324,9921,11606,13388,15055,488,2282,3893,5503,7298,8915,10530,12387,14017,15649,1252,2940,4517,6315,7938,9592,11375,13053,14652,263,1878,3501,5285,6928,8569,10346,12009,13617,15410,809,2483,4273,5950,7550,9308,10983,12625,14422,16078,1482,3265,4889,6544,8316,9960,11612,13389,15065,475,2269,3893,5525,7311,8944,10599,12392,14024,15682,1245,2879,4497,6286,7945,9560,11368,13008,14680,277,1871,3532,5280,6993,8555,10331,11994,13607,15437,887,2532,4228,5931,7550,9324,10975,12606,14423,16065,1489,3251,4919,6552,8296,9975,11666,13431,15031,533,2235,3883,5531
7316,8926,10608,12330,14023,15701,1244,2834,4495,6371,7975,9538,11358,13029,14661,244,1846,3516,5237,6585,8539,10351,12008,13799,15391,831,2466,4145,5933,7554,9240,10962,12646,14452,16069,1505,3213,4917,6543,8264,10000,11597,13383,15007,573,2206,3915,5522,7275,8952,10660,12383,14020,15590,1253,2988,4632,6286,8014,9661,11234,13157,14660,268,1907,3519,5300,6902,8558,10316,11931,13690,15421,901,2544,4274,5913,7603,9329,10952,12596,14394,16053,1443,3315,4910,6560,8159,10032,11616,13381,15073,528,2232,3901,5541,7423,8999,10618,12388,14009,15651,1159,2873,4497,6261,7854,9579,11358,13015,14674,240,1857,3518,5253,6914,8559,10316,11975,13647,15396,887,2477,4277,5904,7554,9338,10970
12638,14400,16092,1474,3282,4901,6562,8298,9957,11598,13378,14810,495,2254,3856,5519,7307,8927,10587,12388,13980,15685,1259,2884,4539,6267,7928,9576,11404,13017,14681,257,1858,3487,5264,6923,8515,10355,11997,13628,15465,890,2487,4268,5900,7548,9323,10973,12626,14426,16096,1476,3270,4914,6550,8295,9936,11624,13253,15043,491,2269,3880,5564,7309,8941,10586,12388,14019,15680,1252,2886,4530,6285,7935,9586,11364,13011,14648,261,1887,3489,5261,6919,8531,10371,11993,13652,15452,872,2462,4237,5918,7561,9301,10991,12609,14417,16078,1524,3306,4960,6549,8296,9981,11598,13399,15028,460,2236,3907,5514,7312,8943,10569,12392,14056,15825,1256,2935,4493,6241,7931,9556,11360,13009,14662,258
1893,3513,5315,7029,8694,10213,12010,13586,15461,908,2473,4257,5960,7604,9329,10993,12606,14451,16040,1563,3147,4934,6534,8297,9924,11611,13413,14896,523,2173,3990,5493,7390,8972,10585,11956,14033,15678,1210,2918,4526,6391,7892,9467,11366,12960,14699,299,1889,3553,5300,6917,8598,10343,11960,13625,15430,914,2480,4278,5921,7583,9328,10949,12625,14445,16069,1518,3267,4943,6560,8297,9992,11602,13420,15042,456,2242,3819,5518,7333,8978,10598,12361,14058,15662,1301,2876,4506,6281,7937,9586,11367,13021,14650,268,1858,3504,5284,6917,8571,10359,11995,13644,15434,887,2496,4292,5902,7556,9329,11065,12626,14413,16009,1498,3258,4906,6525,8341,9958,11617,13393,15057,543,2248,3880,5207
7290,8935,10582,12362,14031,15678,1264,2842,4520,6275,7927,9566,11295,12966,14648,299,1956,3507,5285,6921,8572,10350,11973,13648,15423,867,2506,4265,5901,7551,9302,10964,12629,14396,16067,1502,3249,4893,6525,8311,9932,11601,13392,15072,493,2257,3878,5534,7321,8955,10604,12318,14024,15665,1274,2875,4532,6287,7953,9582,11368,13017,14655,279,1877,3520,5294,6938,8560,10357,12024,13624,15420,851,2526,4243,5928,7544,9337,10963,12601,14430,16053,1506,3248,4836,6524,8349,9998,11623,13348,15030,487,2249,3933,5525,7314,8954,10559,12252,14064,15600,1283,2878,4519,6299,7974,9576,11354,13027,14652,249,1797,3463,5265,6910,8584,10378,12020,13631,15441,854,2491,4203,5919,7512,9273,11016
12617,14442,16084,1518,3270,4896,6573,8386,10028,11609,13400,14994,487,2189,3846,5525,7298,8935,10699,12394,14015,15712,1232,2885,4502,6297,7970,9626,11338,13044,14689,260,1885,3538,5259,6921,8567,10347,12110,13736,15363,910,2460,4284,5920,7559,9310,10979,12606,14429,16122,1494,3264,4925,6498,8328,9956,11606,13372,15053,499,2262,3901,5528,7273,8948,10560,12268,14031,15686,1249,2915,4522,6269,7938,9563,11356,13014,14621,291,1874,3497,5287,6924,8571,10309,12019,13621,15447,917,2504,4254,5925,7578,9337,10984,12590,14407,16061,1513,3271,4919,6508,8320,9951,11624,13376,15054,476,2257,3910,5479,7325,8926,10605,12393,14042,15665,1254,2886,4514,6287,7920,9587,11358,13023,14671,271
1878,3509,5288,6933,8567,10340,12008,13613,15423,844,2483,4273,5920,7566,9334,10979,12635,14404,16073,1478,3271,4890,6529,8300,9976,11596,13387,15046,534,2252,3909,5506,7312,8931,10579,12392,14011,15689,1226,2900,4440,6304,7922,9581,11368,12982,14664,274,1884,3506,5236,6915,8549,10333,11982,13627,15438,897,2521,4237,5911,7519,9311,10993,12672,14476,16101,1527,3215,4874,6532,8329,9970,11599,13393,15033,493,2251,3873,5523,7335,8900,10579,12363,14045,15665,1254,2809,4482,6364,7870,9554,11320,12857,14705,301,1879,3508,5271,6944,8568,10361,12002,13613,15466,896,2548,4283,5893,7546,9292,11018,12631,14398,16030,1482,3240,4966,6540,8317,9909,11605,13396,15054,424,2312,3900,5515
7313,8926,10581,12284,13985,15670,1260,3004,4539,6292,7934,9608,11431,13031,14682,259,1809,3485,5314,6961,8608,10324,12017,13679,15577,817,2533,4196,5878,7534,9369,10978,12483,14409,16111,1514,3260,4911,6550,8300,9936,11588,13383,15048,458,2292,3910,5487,7308,8949,10569,12388,14029,15678,1267,2879,4577,6313,7909,9578,11365,13021,14658,256,1897,3531,5271,6901,8603,10342,11993,13679,15425,910,2516,4241,5905,7563,9332,10959,12624,14396,16067,1495,3291,4911,6538,8298,9955,11616,13386,15068,515,2306,3883,5500,7298,8934,10581,12388,14028,15676,1228,2876,4510,6304,7929,9563,11384,13003,14672,231,1893,3541,5290,6910,8543,10316,11983,13668,15414,863,2466,4272,5895,7573,9329,10989
12687,14391,16115,1488,3253,4956,6535,8267,9966,11600,13381,15038,501,2252,3936,5540,7314,8962,10603,12386,14035,15691,1268,2891,4512,6329,7944,9595,11371,13047,14672,263,1813,3509,5257,6916,8578,10407,11944,13721,15468,887,2483,4277,6013,7461,9317,10954,12630,14413,16117,1455,3254,4867,6474,8289,9981,11579,13420,15098,537,2232,3934,5431,7313,8874,10578,12354,14017,15655,1229,2783,4527,6320,8005,9582,11382,12995,14659,235,1902,3480,5290,6934,8572,10287,11994,13644,15418,850,2521,4286,5994,7489,9343,10974,12578,14440,16081,1438,3225,4869,6549,8272,9952,11614,13390,15026,477,2253,3891,5520,7275,8950,10616,12383,14002,15680,1262,2864,4520,6305,7925,9581,11312,13046,14624,269
1918,3601,5282,6894,8582,10376,12025,13718,15515,861,2439,4279,5898,7553,9329,10992,12624,14419,16110,1486,3260,4835,6553,8292,9996,11609,13411,15057,531,2276,3853,5468,7316,8935,10597,12361,14057,15680,1242,2903,4508,6286,7954,9640,11370,12984,14682,243,1880,3507,5297,6923,8584,10354,11920,13632,15430,867,2505,4255,5916,7537,9344,10968,12614,14370,16081,1487,3268,4905,6523,8324,9972,11599,13407,15023,487,2244,3867,5536,7316,8958,10596,12378,14031,15688,1257,2897,4518,6292,7939,9581,11358,13016,14628,258,1882,3518,5296,6911,8509,10355,11978,13658,15404,865,2499,4277,5909,7556,9351,10965,12634,14398,16069,1488,3275,4918,6561,8309,9954,11616,13375,15023,505,2261,3862,5547
7263,8942,10576,12511,13988,15699,1255,2776,4531,6315,8003,9644,11340,13029,14682,290,1545,3513,5287,6899,8578,10097,12027,13624,15482,885,2449,4332,5992,7599,9431,11075,12656,14248,16093,1484,3267,4909,6543,8229,9990,11756,13298,14973,426,2269,3826,5557,7213,9002,10507,12342,14024,15668,1242,2844,4506,6282,7948,9582,11365,13015,14655,305,1819,3498,5273,6930,8538,10362,11989,13573,15437,863,2512,4260,5923,7470,9296,10973,12587,14443,16079,1488,3251,4919,6513,8306,9989,11604,13463,15075,521,2207,3889,5528,7408,8900,10611,12342,14010,15670,1229,2886,4513,6280,7968,9550,11363,12920,14665,287,1876,3479,5301,6919,8564,10313,11998,13624,15436,905,2518,4277,5863,7534,9345,10993
12599,14398,16057,1507,3257,4879,6533,8321,9967,11748,13377,15067,483,2309,3891,5525,7288,8978,10588,12383,14035,15665,1258,2865,4554,6283,7904,9570,11364,13025,14679,257,1800,3509,5243,6903,8542,10351,11949,13608,15448,856,2508,4249,5939,7538,9319,10964,12633,14402,16074,1497,3260,4905,6550,8320,9950,11595,13428,15052,520,2257,3900,5515,7292,8930,10581,12378,14031,15673,1252,2870,4516,6285,7935,9564,11361,13022,14679,245,1894,3549,5279,6930,8572,10342,11983,13638,15450,864,2491,4254,5916,7549,9335,10954,12656,14445,16079,1489,3234,4894,6554,8318,9977,11614,13374,15110,497,2262,3862,5490,7335,8931,10605,12356,13977,15745,1243,2886,4551,6334,7948,9600,11385,12992,14689,252
1886,3497,5245,6954,8556,10365,11919,13682,15457,868,2540,4300,5898,7542,9324,10978,12628,14396,16056,1529,3285,4892,6514,8344,10006,11541,13386,15040,488,2220,3781,5459,7245,8947,10607,12394,13964,15617,1290,2898,4437,6322,7857,9681,11495,13035,14797,306,1806,3444,5143,6953,8793,10364,11992,13609,15445,881,2491,4247,5919,7599,9321,10952,12665,14394,16046,1507,3259,4913,6538,8277,9830,11617,13405,15007,544,2270,3907,5546,7321,8980,10578,12388,14026,15689,1207,2874,4492,6309,7985,9599,11354,13024,14642,261,1873,3514,5263,7002,8541,10336,12008,13654,15423,872,2497,4277,5918,7528,9350,10971,12617,14397,16053,1510,3260,4904,6562,8334,9929,11605,13408,15038,491,2248,3870,5523
7281,8954,10596,12395,14010,15665,1226,2903,4468,6292,7920,9519,11341,13010,14661,264,1868,3528,5256,6955,8556,10362,11986,13643,15395,885,2479,4291,5893,7589,9334,11008,12611,14436,16083,1515,3255,4905,6540,8326,9978,11605,13417,15025,499,2269,3883,5546,7277,8928,10586,12384,14017,15700,1197,2869,4519,6278,7943,9585,11377,13004,14648,251,1878,3514,5300,6918,8539,10345,11993,13203,15446,892,2506,4226,5983,7517,9304,11015,12618,14406,16007,1563,3368,4858,6539,8323,9965,11589,13416,15071,466,2177,3959,5575,7286,8963,10595,12359,13977,15685,1280,2862,4520,6286,7943,9564,11376,12986,14677,282,1898,3475,5267,6913,8602,10349,11989,13652,15473,879,2538,4294,5910,7547,9342,10968
12714,14307,16062,1467,3242,4905,6542,8319,9983,11622,13487,14988,493,2307,3870,5487,7332,8965,10370,12381,14086,15712,1248,2883,4514,6225,7950,9593,11204,12964,14665,242,1957,3644,5297,6878,8554,10395,11998,13671,15438,893,2441,4273,5956,7595,9361,10965,12601,14421,16068,1446,3292,4884,6540,8314,9976,11642,13380,15088,643,2230,3880,5538,7299,8934,10568,12386,14010,15687,1238,2896,4525,6269,7926,9560,11375,12867,14668,241,1876,3520,5295,6930,8566,10374,11992,13633,15429,871,2486,4292,5909,7550,9326,10938,12657,14437,16089,1434,3254,4900,6530,8311,9958,11599,13404,15029,488,2242,3922,5517,7312,8916,10582,12368,14022,15683,1248,2898,4525,6204,7946,9570,11345,13019,14659,243
1872,3500,5292,6933,8595,10355,12000,13653,15428,886,2486,4226,5923,7548,9313,10972,12640,14398,16050,1510,3274,4913,6575,8332,9947,11615,13259,15041,480,2264,3889,5557,7264,8942,10575,12287,14045,15648,1251,2828,4513,6274,7957,9588,11362,13101,14749,275,1917,3534,5270,6938,8591,10339,11976,13789,15393,848,2458,3846,5893,7553,9313,11004,12615,14338,16099,1509,3212,5049,6575,8291,9905,11617,13368,15062,529,2242,3899,5572,7343,8919,10585,12319,13858,15684,1255,2857,4525,6293,7919,9550,11453,12995,14669,242,1892,3511,5272,6900,8560,10344,12011,13661,15444,874,2541,4265,5949,7553,9294,10944,12633,14429,16031,1445,3308,4931,6551,8292,9969,11635,13354,15046,532,2271,3915,5525
7298,8964,10598,12344,14091,15713,1234,2790,4543,6284,7944,9580,11232,13080,14718,254,1860,3495,5254,6943,8551,10343,11998,13649,15423,875,2547,4277,6012,7530,9318,10984,12625,14399,16004,1504,3262,4905,6460,8332,9968,11626,13402,15030,474,2264,3901,5544,7312,8940,10580,12368,14101,15685,1255,2862,4499,6312,7936,9581,11358,13023,14653,267,1878,3500,5195,6917,8568,10328,11979,13633,15411,874,2500,4296,5879,7606,9440,10980,12617,14434,16052,1505,3238,4884,6535,8317,9951,11610,13398,15041,494,2258,3882,5527,7300,8939,10571,12377,14027,15691,1246,2866,4489,6268,7937,9573,11361,13011,14641,238,1886,3514,5309,6841,8574,10336,11990,13641,15442,878,2470,4268,5848,7572,9318,10990
12613,14417,16071,1450,3266,4888,6533,8341,9974,11615,13398,15042,491,2238,3861,5481,7297,8956,10615,12329,14059,15696,1261,2880,4537,6288,7913,9574,11397,13050,14756,155,1866,3533,5217,6983,8549,10344,11988,13649,15439,909,2437,4308,5892,7569,9320,11012,12712,14337,16021,1557,3322,4907,6563,8297,9949,11630,13419,15041,650,2236,3870,5487,7310,8925,10579,12417,14052,15696,1275,2859,4514,6297,7921,9584,11407,13004,14739,241,1896,3499,5277,6915,8546,10335,12003,13723,15428,845,2548,4291,5861,7589,9203,10997,12588,14424,16065,1548,3251,4920,6542,8349,9988,11604,13412,15061,470,2394,3882,5529,7309,9026,10602,12390,14043,15587,1266,2891,4538,6186,7940,9560,11383,12991,14666,246
1874,3508,5260,6933,8557,10330,12023,13652,15298,893,2480,4284,5921,7558,9330,10969,12623,14414,16152,1523,3235,4906,6540,8321,9962,11591,13389,15015,491,2238,3893,5547,7301,8914,10469,12361,14011,15718,1263,2893,4527,6289,7956,9576,11362,12952,14695,252,1872,3499,5301,6930,8537,10337,11994,13559,15436,878,2500,4263,5926,7565,9350,10983,12614,14424,16051,1504,3290,4918,6534,8324,9951,11607,13420,15025,492,2224,3917,5538,7298,8933,10594,12374,14008,15672,1242,2886,4495,6297,7947,9566,11342,13020,14684,272,1862,3498,5280,6909,8557,10340,12001,13677,15422,933,2472,4243,5934,7531,9344,10950,12598,14409,16085,1479,3272,4873,6576,8353,9926,11638,13369,15079,491,2264,3846,5556
7266,8921,10619,12358,13991,15671,1282,2866,4515,6302,7970,9599,11302,13017,14640,265,1769,3532,5312,6844,8511,10400,12024,13654,15428,828,2508,4358,5920,7528,9371,10976,12564,14400,16090,1527,3224,4895,6479,8331,9952,11620,13386,15042,498,2206,3892,5509,7344,8948,10574,12404,14044,15681,1270,2918,4522,6277,7865,9525,11451,13001,14666,252,1874,3511,5492,6887,8583,10338,12035,13635,15402,888,2497,4262,5918,7573,9352,10979,12557,14426,16073,1502,3236,4909,6537,8404,9937,11599,13378,15074,472,2256,3909,5549,7286,8933,10576,12345,14030,15699,1246,2879,4520,6304,7937,9571,11371,13023,14674,252,1879,3503,5300,6918,8564,10349,11957,13659,15402,873,2505,4273,5895,7555,9335,10983
12637,14397,16082,1495,3237,4906,6549,8295,9969,11629,13373,15031,535,2242,3900,5511,7298,8925,10617,12357,14045,15681,1223,2871,4493,6289,7952,9569,11354,12986,14670,243,1854,3519,5290,6936,8547,10342,11995,13650,15448,884,2493,4263,5902,7540,9290,10954,12628,14394,16065,1450,3267,4893,6539,8319,9945,11546,13378,15060,492,2261,3885,5573,7295,8930,10614,12398,14029,15675,1325,2880,4509,6298,7910,9583,11352,13007,14646,260,1901,3523,5281,7028,8657,10333,11975,13665,15442,478,2526,4292,5968,7590,9359,10996,12611,14417,16079,1499,3290,4809,6473,8314,10077,11602,13459,15028,566,2212,3862,5565,7368,8978,10467,12396,14049,15662,1227,2907,4497,6242,7944,9617,11383,13053,14663,235
1911,3514,5286,6873,8658,10204,11915,13629,15337,884,2505,4317,5903,7534,9380,10982,12627,14434,16063,1474,3249,4942,6520,8309,10000,11643,13407,15070,539,2274,3868,5538,7310,8950,10585,12365,14036,15661,1286,2917,4514,6181,7941,9556,11359,12983,14679,252,1896,3538,5284,6912,8638,10354,11959,13681,15403,853,2488,4279,5929,7552,9344,10928,12617,14394,16074,1492,3236,4910,6539,8336,9960,11630,13376,15057,534,2243,3889,5536,7332,8942,10553,12375,14031,15680,1288,2887,4515,6323,7943,9580,11366,12986,14657,254,1874,3485,5260,6909,8590,10342,11993,13635,15432,862,2470,4263,5921,7520,9347,10969,12615,14426,16102,1495,3270,4910,6543,8313,9944,11624,13408,15057,526,2256,3915,5506
7322,8954,10630,12327,14019,15693,1235,2902,4528,6281,7940,9582,11372,13017,14632,238,1870,3507,5271,6877,8565,10343,12020,13562,15466,853,2477,4276,5944,7556,9317,10978,12608,14395,16069,1491,3255,4897,6548,8196,9956,11627,13377,15060,471,2165,3894,5500,7323,8949,10567,12350,14043,15704,1240,2878,4479,6333,7975,9498,11347,13018,14631,319,1936,3510,5300,6919,8456,10322,12034,13666,15429,826,2430,4209,5958,7567,9292,10986,12609,14434,16021,1491,3303,4916,6586,8304,9956,11601,13394,15053,546,2372,3978,5423,7310,9035,10594,12391,14031,15658,1255,2901,4502,6222,7923,9577,11333,13056,14705,163,1875,3516,5300,6939,8457,10381,11961,13658,15452,861,2493,4279,5855,7554,9340,11004
12679,14459,16109,1466,3304,4903,6536,8318,9963,11601,13370,15047,415,2240,3859,5535,7233,8915,10597,12358,14026,15701,1279,2898,4510,6182,7930,9577,11361,13016,14634,262,1883,3499,5258,6946,8574,10337,12002,13629,15442,870,2511,4237,5933,7549,9326,10952,12650,14440,16085,1504,3260,4789,6524,8320,9941,11615,13399,15055,492,2253,3895,5544,7315,8942,10596,12360,14026,15647,1246,2877,4530,6297,7940,9599,11383,13035,14656,264,1879,3519,5282,6912,8564,10338,12004,13653,15461,870,2497,4269,5904,7560,9298,10986,12640,14388,16077,1487,3284,4910,6501,8301,9957,11612,13394,15040,529,2254,3908,5539,7295,8922,10577,12390,14021,15683,1251,2890,4519,6335,7952,9576,11353,12986,14684,268
1857,3524,5263,6933,8561,10383,11991,13646,15434,911,2508,4258,5906,7573,9279,10997,12607,14410,16086,1516,3255,4945,6524,8340,9963,11593,13402,14940,481,2342,3789,5540,7288,8955,10743,12375,14048,15681,1274,2892,4499,6284,7957,9612,11326,13090,14608,357,1851,3537,5301,6916,8566,10348,11962,13672,15502,799,2461,4280,5926,7552,9191,11012,12613,14428,16059,1472,3255,4877,6564,8369,9966,11631,13414,15089,557,2285,3829,5560,7324,8967,10580,12369,14018,15751,1254,2811,4555,6293,7872,9558,10995,12986,14691,227,1857,3527,5295,6885,8605,10338,12005,13665,15496,884,2525,4263,5882,7559,9230,10975,12601,14415,16059,1495,3278,4912,6542,8195,9943,11606,13410,15039,521,2235,3916,5529
7320,8945,10579,12359,14056,15688,1263,2886,4497,6304,7921,9533,11345,12998,14605,213,1856,3521,5220,6919,8552,10342,11986,13649,15426,890,2468,4276,5897,7563,9299,10973,12610,14407,16097,1504,3259,4887,6544,8332,9964,11610,13389,15107,476,2232,3892,5523,7309,8946,10601,12373,14030,15702,1242,2877,4529,6296,7943,9550,11376,13011,14674,225,1877,3511,5270,6929,8555,10337,11999,13643,15435,880,2495,4269,5921,7545,9315,10976,12600,14429,16067,1523,3250,4900,6543,8302,9958,11612,13393,15029,488,2267,3886,5541,7275,8938,10599,12398,14040,15666,1227,2878,4523,6291,7906,9585,11358,13021,14682,255,1880,3501,5262,6927,8658,10273,11993,13673,15415,891,2506,4190,5888,7559,9340,10985
12641,14407,16053,1381,3240,4862,6535,8289,9950,11656,13434,15106,526,2215,3908,5523,7319,8986,10617,12353,14001,15669,1268,2867,4466,6304,7979,9569,11339,12983,14675,277,1872,3470,5295,6942,8557,10328,11985,13675,15483,851,2493,4248,5918,7566,9305,10974,12616,14347,16044,1663,3269,4887,6447,8286,10001,11605,13378,15058,468,2309,3865,5525,7317,8982,10553,12411,14037,15725,1254,2844,4530,6226,7924,9544,11256,13007,14694,294,1887,3467,5297,6910,8557,10334,12011,13684,15430,825,2459,4265,5988,7531,9327,11035,12638,14401,16059,1507,3265,4888,6554,8317,9962,11606,13381,14999,473,2269,3868,5539,7293,8943,10565,12384,14014,15685,1239,2899,4486,6307,7932,9629,11338,13008,14646,283
1877,3514,5283,6866,8544,10340,11989,13668,15402,863,2546,4257,5897,7553,9332,10991,12679,14402,16060,1504,3277,4893,6555,8296,9948,11623,13378,15050,470,2262,3874,5535,7289,8949,10593,12374,14017,15690,1243,2886,4507,6293,7935,9561,11367,13018,14656,243,1879,3521,5283,6892,8558,10314,11999,13638,15418,887,2488,4275,5928,7551,9319,10983,12624,14416,16058,1508,3256,4970,6531,8324,10004,11600,13409,15041,518,2252,3897,5508,7314,8894,10534,12383,14036,15677,1280,2869,4543,6294,7895,9611,11365,13020,14637,238,1880,3537,5307,6898,8625,10390,12010,13669,15436,884,2512,4312,5922,7541,9342,10995,12636,14412,16055,1486,3303,4878,6547,8325,9934,11587,13384,15027,522,2236,3867,5568
7282,8956,10515,12461,14036,15633,1270,2862,4531,6267,7904,9601,11375,13007,14647,278,1936,3560,5273,6897,8535,10352,11994,13533,15446,896,2482,4240,5897,7539,9283,11043,12629,14401,16077,1504,3286,4900,6536,8317,9926,11635,13406,14990,487,2255,3894,5616,7295,8959,10648,12502,14037,15694,1276,3006,4477,6278,7952,9596,11353,13022,14671,278,1850,3514,5246,6920,8539,10356,12004,13652,15441,866,2525,4249,5880,7558,9339,10950,12647,14430,16092,1490,3283,4897,6559,8322,9858,11634,13397,15081,492,2240,3909,5510,7329,8937,10614,12357,14049,15664,1230,2853,4545,6279,7954,9560,11358,13002,14652,258,1954,3501,5305,6934,8601,10334,12014,13630,15434,874,2514,4285,5920,7552,9341,10958
12625,14429,16066,1524,3251,4903,6514,8320,9964,11613,13372,15052,487,2255,3871,5539,7318,8942,10616,12336,13943,15698,1262,2882,4523,6207,7914,9582,11347,12941,14676,265,1863,3537,5259,6914,8523,10338,12000,13706,15458,854,2507,4309,5904,7551,9319,11021,12618,14407,16039,1545,3272,4880,6541,8322,9994,11623,13410,15052,520,2235,3884,5472,7327,8953,10590,12370,14042,15750,1296,2847,4539,6418,7951,9549,11375,13044,14676,296,1882,3520,5299,6955,8535,10338,11982,13665,15452,888,2466,4259,5912,7559,9317,11047,12612,14324,16103,1436,3258,4855,6533,8296,10000,11604,13432,14970,536,2249,3930,5550,7344,8955,10565,12263,14067,15673,1239,2882,4545,6296,7928,9572,11339,13021,14588,254
1897,3504,5298,6936,8557,10266,11991,13653,15425,892,2459,4303,5894,7588,9324,10961,12603,14435,16087,1495,3248,4896,6524,8286,9960,11609,13407,15029,548,2257,3886,5545,7311,8957,10603,12393,14014,15682,1246,2895,4526,6291,7958,9598,11351,13012,14660,250,1844,3530,5272,6952,8559,10347,11997,13603,15424,851,2496,4280,5915,7535,9331,10951,12632,14406,16072,1499,3254,4900,6524,8333,9973,11623,13406,15115,541,2237,3886,5541,7318,8934,10580,12389,14034,15685,1235,2868,4511,6291,7935,9603,11350,13016,14635,255,1865,3504,5279,6933,8549,10345,11961,13668,15411,892,2474,4274,5905,7561,9348,10987,12602,14439,15873,1483,3290,4849,6563,8293,9971,11595,13307,15045,541,2287,3867,5707
7312,8940,10563,12361,14070,15704,1246,2873,4527,6374,7909,9579,11352,12982,14611,256,1878,3505,5308,6917,8564,10288,12016,13626,15416,923,2629,4276,5906,7545,9304,10889,12637,14401,15975,1483,3296,4873,6580,8356,9978,11542,13334,15014,519,2261,3991,5490,7259,8974,10580,12367,13910,15668,1260,2910,4493,6267,7954,9584,11349,13002,14638,225,1836,3520,5292,6884,8470,10330,11997,13778,15460,869,2511,4277,5925,7508,9346,10952,12623,14376,16085,1493,3253,4947,6524,8341,10027,11589,13409,15040,495,2239,3906,5580,7320,8952,10557,12380,14016,15678,1243,2875,4531,6300,7926,9556,11353,13024,14661,258,1844,3531,5282,6929,8569,10329,12003,13623,15430,858,2479,4197,5959,7539,9318,10966
12626,14399,16063,1489,3275,4884,6538,8295,9968,11594,13257,15018,525,2257,3868,5524,7307,8960,10588,12363,14050,15655,1251,2874,4512,6299,7944,9576,11400,13000,14677,251,1883,3491,5290,6929,8558,10342,11983,13619,15439,862,2501,4278,5917,7528,9306,10988,12633,14394,16011,1513,3260,4898,6519,8308,9914,11595,13386,15045,435,2259,3910,5530,7309,8939,10586,12379,14046,15672,1209,2890,4496,6309,7923,9547,11327,13046,14682,261,1827,3499,5295,6905,8554,10288,12010,13636,15496,981,2547,4229,5956,7568,9310,10987,12646,14389,16098,1437,3251,4960,6481,8293,9921,11616,13390,15071,443,2239,3894,5539,7315,8906,10581,12473,14075,15716,1228,2849,4501,6288,7852,9613,11547,12945,14642,257
1848,3612,5155,6903,8531,10401,12027,13677,15472,849,2505,4284,5917,7510,9343,10976,12540,14394,16047,1477,3267,4891,6555,8341,9963,11626,13415,15040,499,2176,3918,5490,7331,8744,10607,12457,14026,15664,1243,2827,4523,6310,7958,9592,11359,13000,14663,293,1884,3509,5286,6906,8537,10357,11930,13642,15402,886,2498,4260,5900,7581,9292,10903,12693,14430,16020,1490,3251,4904,6497,8316,9969,11599,13426,15029,475,2252,3891,5499,7310,8956,10592,12382,14077,15709,1267,2883,4496,6278,7962,9575,11366,13007,14582,250,1880,3512,5238,6921,8572,10338,12017,13655,15405,876,2511,4260,5893,7557,9319,10987,12628,14414,16062,1511,3234,4907,6529,8312,9956,11615,13423,15063,483,2269,3884,5533
7303,8964,10598,12385,14017,15697,1274,2890,4515,6290,7952,9572,11366,13009,14646,274,1876,3497,5261,6937,8407,10340,11985,13654,15402,827,2516,4279,5872,7559,9351,10944,12618,14436,16057,1504,3274,4880,6586,8410,9904,11653,13396,15045,527,2278,3903,5499,7352,8923,10622,12340,14039,15656,1322,2891,4478,6286,7960,9509,11305,13006,14682,196,1801,3356,5421,6869,8527,10347,12001,13659,15562,834,2519,4254,5941,7531,9305,10970,12481,14380,16061,1586,3256,4937,6578,8269,9997,11651,13394,15065,533,2282,3884,5540,7339,8935,10626,12356,14107,15663,1218,2879,4519,6271,7926,9546,11458,12873,14692,247,1891,3507,5302,6874,8537,10371,12004,13652,15424,889,2399,4302,5927,7550,9321,10981
12545,14401,15971,1512,3262,4880,6539,8337,9923,11623,13383,15051,491,2243,3898,5534,7329,8925,10610,12347,14043,15676,1207,2867,4514,6295,7935,9576,11349,13006,14646,256,1882,3517,5229,6899,8574,10348,11997,13641,15424,901,2500,4255,5916,7540,9343,10976,12654,14422,16053,1504,3284,4908,6578,8280,9959,11606,13415,15051,531,2242,3891,5523,7297,8952,10565,12381,14044,15690,1239,2886,4511,6311,7941,9543,11392,12980,14651,231,1839,3495,5289,6914,8564,10348,11992,13647,15398,870,2519,4267,5929,7538,9339,10965,12622,14362,16059,1484,3231,4898,6535,8311,9956,11606,13395,15048,472,2259,3879,5543,7319,8960,10567,12370,14037,15708,1182,2804,4515,6229,7954,9564,11345,13121,14658,269
1890,3522,5269,6883,8590,10325,12035,13626,15441,874,2607,4193,5938,7566,9309,11046,12554,14405,16069,1470,3290,4895,6565,8327,9994,11616,13410,15021,496,2232,3931,5575,7279,8949,10566,12455,14017,15660,1288,2884,4526,6263,7939,9557,11373,13006,14671,251,1874,3502,5254,6934,8721,10390,11983,13605,15338,891,2456,4265,5901,7529,9433,10977,12570,14401,16070,1507,3283,4871,6556,8253,9968,11588,13362,15072,560,2238,3922,5501,7312,8915,10579,12318,13990,15679,1276,2929,4582,6233,7897,9632,11392,12993,14639,255,1849,3514,5293,6948,8532,10340,11985,13665,15417,875,2502,4393,5895,7553,9316,11023,12629,14416,16088,1481,3248,4903,6555,8286,9976,11592,13382,15036,500,2269,3890,5521
7305,8955,10580,12374,13999,15684,1245,2870,4473,6303,7931,9575,11355,12956,14657,260,1878,3507,5232,6908,8553,10356,11998,13630,15458,886,2517,4245,5904,7540,9340,10969,12623,14426,16079,1500,3261,4886,6522,8313,9939,11611,13392,15033,522,2247,3885,5527,7308,8948,10580,12352,14008,15685,1239,2901,4575,6294,7930,9579,11352,13038,14665,253,1877,3491,5253,6903,8561,10332,12001,13641,15420,853,2496,4272,5868,7549,9348,11007,12652,14417,16051,1521,3267,4839,6613,8318,9984,11529,13400,15065,439,2251,3916,5545,7298,8915,10535,12340,14062,15677,1303,2881,4499,6296,7934,9567,11357,13017,14730,217,1917,3524,5342,6949,8543,10343,12003,13376,15391,840,2574,4274,5903,7565,9328,11007
12632,14396,16048,1484,3233,4883,6622,8293,9972,11631,13289,15079,522,2267,3740,5459,7344,8987,10475,12337,14035,15670,1322,2896,4527,6370,7976,9592,11401,13029,14668,251,1885,3497,5278,6916,8521,10182,11988,13649,15455,887,2519,4248,5881,7544,9376,10987,12650,14416,16065,1505,3274,4919,6500,8316,9942,11588,13369,15057,479,2250,3880,5524,7310,8920,10586,12364,13917,15686,1255,2861,4515,6285,7940,9565,11341,13024,14635,242,1872,3506,5277,6901,8562,10365,12000,13649,15447,928,2536,4218,5912,7574,9337,10985,12616,14374,16074,1509,3295,4874,6563,8318,9963,11536,13401,15059,535,2239,3871,5505,7307,8925,10566,12386,14041,15669,1265,2887,4517,6286,7915,9609,11399,13016,14620,260
1883,3524,5259,6915,8532,10299,11975,13652,15429,884,2496,4264,5912,7549,9349,10965,12634,14366,16090,1472,3275,4897,6555,8302,9957,11609,13375,15051,463,2265,3883,5522,7322,8907,10600,12327,13879,15666,1255,2859,4516,6295,7883,9548,11364,13005,14697,268,1864,3491,5277,6827,8559,10382,12007,13621,15439,893,2483,4263,5931,7526,9319,10973,12590,14428,16047,1551,3267,4853,6517,8322,9898,11615,13350,15068,531,2262,3917,5480,7362,8908,10586,12272,14044,15723,1253,2841,4561,6310,7914,9559,11468,13031,14616,298,1899,3519,5288,6878,8635,10357,12010,13656,15441,832,2465,4245,5914,7573,9396,10964,12628,14405,16024,1500,3188,4897,6533,8294,9973,11598,13375,14985,581,2261,3883,5534
7278,8948,10585,12356,13958,15746,1192,2876,4512,6302,7913,9564,11383,13023,14661,252,1844,3509,5283,6932,8565,10339,12005,13632,15438,953,2535,4290,5892,7563,9334,10963,12617,14423,16074,1507,3237,4904,6535,8321,9975,11520,13398,15047,492,2251,3930,5531,7279,8945,10581,12374,14032,15694,1280,2905,4524,6290,7935,9609,11366,13073,14662,242,1874,3522,5277,6928,8536,10376,12007,13603,15447,861,2509,4217,5913,7564,9319,10970,12636,14393,16049,1476,3242,4879,6540,8344,9960,11590,13405,15035,518,2229,3875,5566,7314,8936,10574,12361,14045,15681,1230,2871,4515,6287,7958,9546,11356,13003,14684,255,1877,3483,5275,6926,8561,10351,11990,13654,15423,916,2527,4283,5913,7570,9309,10993
12607,14473,16059,1489,3291,4901,6524,8313,9957,11586,13281,15152,460,2247,3884,5527,7278,8957,10615,12348,14028,15701,1262,2886,4480,6244,7918,9576,11411,12962,14676,173,1943,3454,5378,7035,8541,10334,11973,13584,15428,834,2490,4253,5881,7636,9330,10945,12667,14375,16096,1497,3248,4817,6575,8330,9999,11626,13399,15040,521,2237,3873,5682,7388,8884,10634,12455,13997,15686,1404,2867,4546,6296,7946,9571,11375,12899,14695,257,1796,3498,5269,7041,8569,10342,11991,13635,15422,868,2504,4290,5893,7529,9322,10961,12643,14382,16089,1443,3410,4907,6530,8343,9979,11549,13388,15054,444,2258,3883,5555,7355,8959,10607,12351,14031,15677,1251,2895,4473,6290,7926,9571,11355,13022,14682,295
1864,3510,5298,6894,8559,10345,11996,13658,15431,879,2485,4289,5927,7613,9321,10974,12697,14425,16076,1489,3253,4968,6515,8304,9974,11623,13377,15031,494,2254,3892,5521,7316,8934,10586,12358,14025,15676,1285,2875,4515,6293,7938,9578,11340,13020,14670,263,1866,3490,5279,6934,8580,10335,12002,13597,15448,875,2505,4271,5910,7556,9333,11001,12615,14404,16054,1510,3257,4908,6543,8318,9969,11602,13385,15053,526,2253,3885,5539,7302,8942,10577,12381,14007,15658,1265,2887,4514,6265,7945,9548,11354,13006,14669,247,1860,3555,5304,6913,8572,10346,11984,13717,15402,830,2509,4252,6041,7559,9338,11009,12617,14433,16155,1505,3272,4900,6553,8331,9967,11483,13393,15023,530,2262,3951,5446
7310,9011,10573,12373,14045,15709,1258,2902,4504,6254,7931,9584,11352,13088,14694,274,1907,3505,5254,6932,8557,10288,11979,13642,15426,852,2508,4281,5898,7631,9365,10967,12600,14240,16088,1490,3328,4825,6493,8255,9938,11590,13372,15007,425,2247,3856,5511,7309,8951,10578,12360,14013,15632,1228,2862,4521,6305,7928,9579,11406,12996,14646,268,1928,3519,5237,6925,8571,10314,12004,13628,15448,872,2516,4240,5915,7536,9333,10955,12582,14414,16067,1494,3214,4909,6529,8333,9938,11624,13368,15016,463,2252,3880,5545,7305,8868,10570,12367,14029,15677,1282,2877,4507,6306,7953,9568,11383,12991,14631,255,1918,3529,5281,6914,8580,10296,12002,13641,15437,892,2514,4255,5908,7436,9345,10978
12625,14419,16032,1504,3250,4905,6557,8317,9963,11637,13404,15066,489,2267,3881,5524,7304,8926,10604,12368,14045,15657,1268,2878,4482,6287,7945,9578,11375,13031,14669,244,1853,3499,5279,6918,8546,10333,11999,13637,15447,885,2519,4266,5913,7542,9347,10972,12629,14390,16067,1488,3286,4901,6548,8327,9929,11607,13407,15037,533,2246,3894,5529,7328,8904,10599,12383,14042,15612,1241,2908,4510,6322,7957,9553,11377,13068,14658,248,1903,3485,5244,6796,8565,10325,11944,13680,15388,887,2409,4278,5925,7559,9249,11003,12601,14406,16090,1523,3264,4926,6569,8343,9960,11609,13380,15016,456,2260,3777,5498,7278,8925,10592,12331,14042,15704,1240,2860,4646,6307,7938,9527,11347,13030,14629,263
1895,3505,5270,6871,8544,10341,11999,13654,15426,987,2506,4272,5829,7537,9324,10981,12578,14404,16088,1507,3261,4888,6558,8340,9966,11547,13413,15051,494,2258,3916,5543,7366,8943,10591,12362,14055,15695,1299,2849,4516,6289,7823,9578,11334,13005,14684,268,1871,3505,5329,6927,8551,10376,11999,13654,15430,869,2516,4219,5908,7551,9316,11010,12624,14418,16068,1512,3262,4909,6528,8326,9950,11614,13390,15042,494,2241,3893,5549,7307,8951,10617,12347,14014,15697,1267,2899,4516,6291,7936,9594,11352,13002,14673,285,1860,3514,5284,6936,8548,10342,11981,13637,15418,890,2484,4275,5920,7440,9343,10968,12624,14358,16091,1493,3282,4908,6567,8303,9940,11616,13378,15069,497,2244,3905,5527
