7574,8218,8813,9452,10074,10706,11345,11992,12711,13340,13961,14611,15233,15827,673,1277,1883,2549,3136,3730,4362,4982,5600,6353,6965,7582,8163,8882,9458,10093,10702,11468,12097,12697,13355,13982,14601,15197,15843,780,1268,1863,2501,3115,3751,4361,4968,5715,6305,6991,7589,8178,8853,9461,10200,10835,11466,12085,12717,13422,13977,14602,15343,150,657,1266,1880,2502,3129,3739,4465,5094,5732,6320,6977,7585,8223,8866,9598,10208,10841,11461,12084,12688,13350,13988,14730,15357,162,640,1270,1883,2492,3257,3871,4489,5102,5711,6347,6980,7586,8335,8954,9583,10201,10846,11472,12101,12679,13471,14092,14808,15359,161,649,1258,1885,2653,3251,3868,4481,5108,5737,6340,6963,7730,8315,8960
9594,10192,10837,11447,12209,12840,13440,14105,14727,15356,179,650,1391,2042,2670,3256,3852,4463,5137,5733,6484,7084,7766,8334,8942,9576,10220,10861,11653,12213,12858,13464,14108,14746,15371,166,781,1355,2056,2610,3263,3841,4473,5225,5854,6480,7088,7741,8336,8995,9596,10337,10899,11574,12221,12837,13479,14100,14744,15475,251,762,1370,2006,2642,3255,3873,4597,5216,5873,6468,7090,7685,8301,8967,9695,10340,10995,11597,12185,12840,13496,14210,14853,15488,291,833,1390,2006,2640,3370,3996,4631,5222,5862,6474,7085,7710,8462,9080,9682,10337,10968,11587,12216,12841,13589,14289,14844,15481,274,767,1400,1999,2749,3382,3998,4605,5238,5922,6475,7237,7867,8458,9074,9702,10343,10956
11581,12361,12971,13603,14218,14905,15489,260,758,1513,2131,2731,3378,3990,4597,5232,5861,6519,7222,7851,8456,9084,9709,10205,10972,11739,12346,12972,13606,14226,14853,15483,392,898,1529,2152,2751,3375,3981,4605,5353,5973,6589,7233,7850,8462,9088,9700,10451,11091,11729,12336,12946,13592,14228,14839,15610,394,896,1505,2153,2751,3363,3996,4738,5365,5959,6596,7229,7797,8476,9188,9846,10471,10982,11664,12335,12974,13580,14352,14968,15511,396,890,1564,2119,2743,3487,4134,4706,5349,5960,6553,7209,7851,8593,9211,9855,10473,11098,11557,12353,12960,13716,14213,14935,15611,400,877,1519,2237,2837,3484,4153,4755,5361,5976,6602,7342,8017,8590,9185,9838,10452,11062,11659,12449,13094
13728,14372,14991,15629,307,907,1633,2247,2872,3489,4123,4739,5363,6001,6726,7341,7961,8570,9251,9715,10496,11206,11759,12466,13098,13730,14380,14950,15622,523,1015,1562,2245,2860,3494,4087,4724,5450,6106,6722,7352,7975,8581,9208,9848,10582,11212,11852,12466,13146,13720,14368,14988,15746,530,1006,1651,2278,2868,3442,4223,4866,5480,6095,6736,7358,7990,8591,9332,9960,10599,11207,11838,12468,13096,13723,14464,15106,15727,537,1020,1652,2243,2870,3622,4237,4857,5486,6099,6727,7330,7985,8734,9335,9973,10588,11207,11849,12464,13217,13864,14476,15113,15645,534,1006,1646,2386,2988,3643,4237,4842,5470,6093,6743,7475,8107,8766,9297,9973,10575,11218,11841,12593,13240,13867,14473,15105
15747,540,1005,1768,2435,2993,3631,4229,4927,5476,6238,6933,7462,8116,8698,9337,9954,10584,11347,11927,12551,13238,13983,14480,15039,15747,664,1137,1743,2365,3025,3649,4236,4848,5579,6262,6847,7407,8064,8693,9333,9958,10700,11360,11979,12576,13214,13829,14444,15229,15868,649,1154,1764,2359,2967,3617,4337,4989,5612,6225,6850,7466,8106,8690,9381,10108,10710,11340,11981,12410,13221,13895,14585,15201,15869,725,1152,1764,2387,2959,3756,4370,4984,5600,6182,6779,7481,8184,8786,9454,10087,10707,11360,11970,12598,13341,13970,14590,15223,15876,657,1161,1760,2521,3127,3743,4366,4971,5594,6228,6842,7610,8216,8838,9452,10080,10720,11348,11935,12712,13357,13978,14606,15246,15850,658,1262
1912,2496,3129,3753,4350,4979,5586,6359,6915,7602,8263,8827,9444,10072,10701,11531,12014,12717,13357,13986,14611,15259,15854,780,1266,1891,2435,3124,3751,4363,4976,5740,6349,6974,7588,8258,8845,9471,10207,10828,11474,12083,12751,13390,13989,14592,15336,150,648,1264,1887,2517,3129,3729,4466,5105,5737,6363,6953,7561,8211,8829,9581,10197,10861,11456,12132,12708,13349,13983,14741,15358,145,661,1264,1884,2509,3252,3905,4413,5083,5731,6355,6975,7533,8336,9021,9573,10224,10722,11454,12091,12728,13477,14114,14722,15366,138,647,1270,1910,2670,3249,3824,4482,5115,5737,6371,6988,7750,8328,8911,9667,10189,10852,11469,12202,12843,13463,14112,14756,15354,151,666,1393,2012,2631,3265
3862,4486,5156,5725,6471,7101,7678,8303,8892,9589,10224,10843,11605,12207,12858,13461,14084,14728,15367,163,786,1438,2009,2632,3255,3863,4486,5227,5842,6447,7083,7715,8339,8963,9589,10346,10983,11597,12213,12794,13445,14097,14733,15490,270,772,1378,2001,2625,3260,3861,4603,5241,5847,6446,7084,7725,8330,8945,9697,10354,10968,11580,12200,12847,13466,14219,14843,15491,273,830,1388,1996,2612,3373,3998,4610,5241,5852,6475,7096,7737,8470,9075,9709,10344,10960,11635,12202,12846,13594,14188,14856,15496,269,769,1385,2006,2746,3363,3996,4597,5226,5827,6441,7224,7858,8386,9077,9696,10330,10969,11595,12340,12951,13598,14236,14875,15502,282,776,1506,2138,2761,3356,3984,4586,5203
5842,6587,7211,7940,8451,9060,9682,10315,11000,11724,12272,12961,13597,14233,14849,15549,426,902,1596,2152,2759,3265,3992,4652,5328,5934,6612,7230,7860,8471,9079,9691,10465,11075,11706,12414,12911,13587,14215,14841,15653,392,898,1520,2124,2748,3382,3991,4744,5366,5970,6598,7268,7854,8522,9197,9836,10479,11089,11705,12336,12976,13590,14342,14912,15633,421,861,1500,2131,2718,3488,4120,4749,5327,5982,6574,7201,7842,8578,9203,9837,10475,11088,11705,12360,12970,13700,14316,14992,15616,384,877,1500,2251,2878,3489,4111,4689,5364,5962,6590,7352,7974,8539,9198,9821,10454,11002,11739,12481,13107,13718,14362,14972,15611,386,901,1656,2283,2889,3499,4120,4740,5352,5985,6728,7351
7944,8583,9179,9839,10447,11212,11859,12433,13090,13717,14341,15000,15631,505,997,1632,2258,2892,3500,4110,4729,5522,6104,6733,7338,8003,8581,9203,9838,10595,11211,11847,12459,13085,13737,14367,14969,15734,500,1006,1649,2275,2868,3496,4228,4884,5483,6097,6728,7344,7964,8578,9353,9959,10597,11213,11860,12470,13074,13769,14487,15146,15751,508,1069,1676,2259,2878,3631,4277,4841,5482,6094,6710,7367,7970,8608,9482,9959,10598,11220,11833,12488,13212,13864,14593,15027,15749,508,1034,1647,2353,3006,3662,4227,4866,5447,6105,6832,7475,8052,8698,9366,9956,10598,11237,11826,12589,13231,13867,14501,15093,15772,505,1008,1802,2385,2960,3651,4215,4893,5507,6198,6826,7446,8092,8727,9327
9954,10584,11337,11988,12570,13217,13859,14476,15071,15738,652,1144,1760,2405,2986,3612,4233,4856,5593,6190,6799,7460,8081,8695,9321,9965,10715,11364,11964,12595,13231,13830,14476,15234,15909,658,1158,1779,2380,2988,3632,4336,5001,5561,6224,6864,7476,8094,8693,9463,10071,10707,11340,11975,12578,13207,13859,14542,15233,15858,655,1145,1764,2373,3007,3738,4372,4988,5599,6227,6858,7462,8224,8833,9469,10076,10650,11327,11972,12586,13343,13975,14610,15239,15862,660,1149,1754,2535,3138,3749,4366,4977,5592,6230,6818,7577,8217,8846,9428,9960,10708,11333,11966,12706,13346,13983,14609,15197,15839,658,1272,1940,2486,3127,3738,4375,4989,5616,6363,7147,7591,8226,8836,9462,10165,10615,11464
12077,12792,13282,13955,14702,15249,15868,792,1264,1934,2480,3124,3833,4355,4978,5713,6357,6954,7529,8197,8829,9480,10195,10849,11406,12086,12718,13316,13987,14621,15357,150,662,1220,1856,2508,3172,3745,4480,5082,5706,6366,6980,7574,8220,8817,9585,10210,10843,11460,12094,12720,13435,13994,14723,15357,171,644,1212,1888,2482,3235,3709,4482,5063,5729,6343,6990,7583,8331,8951,9585,10216,10836,11458,12096,12711,13471,14101,14752,15351,150,660,1258,1891,2639,3252,3857,4481,5089,5741,6353,6969,7727,8340,8956,9576,10199,10844,11467,12216,12833,13476,14095,14725,15356,150,661,1377,2005,2625,3254,3881,4476,5094,5743,6465,7145,7723,8328,8932,9579,10212,10838,11589,12223,12846,13463
14110,14725,15342,149,790,1385,1994,2635,3242,3871,4491,5236,5844,6454,7098,7646,8348,8965,9586,10321,10962,11571,12227,12855,13475,14092,14725,15494,270,772,1389,2012,2624,3248,3836,4597,5242,5861,6462,7082,7736,8320,8965,9769,10372,11006,11592,12274,12853,13435,14242,14876,15504,272,770,1384,2019,2617,3364,3996,4632,5234,5862,6473,7044,7730,8446,9068,9760,10291,10953,11577,12225,12833,13622,14233,14843,15503,274,742,1388,1993,2941,3382,3969,4693,5234,5852,6476,7235,7856,8458,9096,9715,10321,10959,11586,12252,12959,13562,14223,14855,15498,236,759,1511,2107,2761,3388,3987,4607,5239,5852,6580,7169,7832,8462,9084,9711,10353,10962,11703,12369,12974,13588,14236,14854,15477
383,874,1509,2146,2766,3368,4004,4596,5359,5981,6588,7209,7851,8438,9100,9709,10452,11071,11691,12346,12983,13600,14217,14842,15593,395,908,1514,2154,2750,3372,3987,4724,5359,5980,6590,7217,7832,8457,9181,9878,10469,11090,11708,12362,12969,13580,14339,14988,15619,392,893,1527,2141,2745,3497,4126,4731,5360,5976,6591,7216,7842,8591,9212,9837,10460,11089,11709,12329,12979,13704,14346,14994,15671,391,900,1502,2259,2872,3462,4110,4736,5350,5979,6591,7347,7968,8564,9205,9840,10470,11118,11718,12468,13086,13708,14386,14976,15613,399,900,1660,2271,2871,3473,4114,4715,5340,5921,6694,7320,7981,8455,9205,9855,10467,11194,11835,12544,13088,13734,14352,15012,15607,499,1047,1640
2262,2885,3506,4120,4742,5469,6142,6716,7358,7987,8567,9209,9821,10580,11219,11847,12473,13091,13725,14353,14991,15680,506,1007,1649,2246,2989,3476,4238,4841,5479,6048,6746,7354,7979,8583,9343,10009,10577,11189,11835,12467,13121,13614,14454,15117,15746,530,1016,1660,2252,2871,3652,4239,4851,5447,6102,6732,7401,8040,8693,9335,9966,10613,11257,11863,12458,13204,13855,14480,15107,15746,537,1012,1645,2371,3008,3626,4242,4888,5473,6091,6740,7470,8109,8709,9323,9954,10590,11188,11848,12595,13221,13827,14389,15102,15737,504,1009,1764,2376,2997,3636,4231,4858,5474,6228,6856,7448,8078,8700,9330,9964,10572,11347,11971,12590,13218,13828,14487,15100,15731,656,1122,1755,2383,2986,3632
4245,4875,5591,6228,6851,7465,8100,8704,9339,9907,10703,11345,11955,12591,13210,13866,14500,15236,15904,648,1161,1729,2366,2985,3673,4355,4961,5596,6210,6868,7507,8093,8697,9449,10155,10669,11435,11977,12554,13264,13883,14486,15255,15875,630,1158,1751,2383,2716,3715,4320,4976,5592,6216,6851,7450,8195,8782,9479,10095,10715,11333,11980,12589,13352,13975,14616,15182,15939,645,1170,1785,2479,3116,3743,4407,4979,5596,6216,6848,7565,8217,8883,9464,10089,10620,11363,11975,12710,13362,14009,14581,15228,15917,647,1268,1939,2432,3055,3749,4420,4958,5602,6344,6917,7603,8224,8811,9461,10115,10705,11419,12101,12713,13341,13982,14570,15234,15881,772,1268,1888,2504,3102,3736,4363,4943,5731
6348,6975,7604,8223,8831,9453,10178,10854,11463,12080,12713,13343,13997,14605,15366,152,650,1266,1881,2502,3126,3755,4485,5096,5741,6355,6968,7607,8207,8844,9594,10207,10841,11453,12116,12716,13348,13971,14723,15351,155,642,1279,1880,2478,3264,3873,4476,5084,5718,6356,6966,7583,8336,8961,9585,10206,10856,11494,12100,12717,13472,14094,14731,15357,151,647,1253,1878,2591,3243,3865,4476,5103,5740,6344,6969,7717,8337,8972,9572,10203,10852,11376,12215,12856,13457,14096,14728,15352,163,654,1392,2002,2624,3186,3870,4486,5076,5714,6454,7112,7715,8337,8951,9644,10189,10866,11574,12222,12837,13465,14117,14751,15358,157,763,1337,2001,2631,3316,3884,4476,5210,5846,6514,7077,7652
8324,8966,9579,10331,10971,11488,12231,12858,13488,14122,14736,15502,330,770,1408,1986,2604,3259,3867,4609,5224,5851,6433,7089,7683,8348,8933,9709,10335,10969,11588,12204,12852,13456,14241,14767,15503,280,763,1395,2001,2650,3374,4016,4607,5226,5858,6472,7108,7742,8469,9074,9689,10345,10951,11574,12208,12862,13585,14236,14844,15500,272,772,1386,2045,2757,3364,3981,4590,5228,5852,6482,7231,7835,8460,9089,9711,10308,10974,11608,12338,12969,13584,14238,14835,15499,258,768,1517,2130,2746,3365,3998,4607,5226,5833,6588,7225,7860,8419,9090,9700,10333,10967,11710,12328,12967,13587,14202,14854,15505,390,890,1504,2143,2746,3375,3975,4605,5324,5974,6611,7215,7857,8457,9062,9704
10460,11085,11702,12326,12965,13586,14122,14839,15613,404,888,1507,2152,2753,3374,3986,4742,5355,5997,6599,7225,7868,8459,9209,9900,10460,11068,11684,12246,12950,13618,14382,14979,15610,358,891,1370,2128,2739,3325,4093,4798,5355,5937,6583,7249,7869,8581,9179,9913,10545,11094,11720,12292,12832,13725,14290,14988,15618,374,869,1506,2267,2873,3473,4110,4739,5362,5993,6603,7356,7983,8626,9206,9826,10430,11093,11732,12471,13093,13698,14447,15001,15630,414,891,1641,2267,2871,3489,4122,4767,5359,5944,6708,7334,7974,8528,9220,9839,10431,11201,11860,12468,13092,13753,14350,14967,15628,490,1016,1640,2250,2864,3518,4116,4667,5450,6094,6727,7346,7979,8584,9207,9845,10580,11209,11844
12483,13103,13722,14349,14975,15737,553,1005,1646,2245,2876,3493,4245,4862,5630,6101,6705,7334,7950,8572,9338,9943,10514,11206,11831,12463,13094,13722,14490,15108,15730,531,1033,1650,2264,2867,3583,4244,4865,5477,6096,6737,7360,7902,8696,9328,9966,10586,11209,11845,12470,13209,13831,14463,15102,15746,565,1010,1644,2389,3001,3678,4228,4855,5468,6098,6783,7464,8091,8697,9318,9957,10579,11215,11860,12580,13207,13856,14471,15138,15743,510,1074,1768,2380,2988,3611,4202,4858,5480,6231,6947,7467,8101,8700,9326,9964,10577,11354,11981,12595,13230,13856,14492,15116,15745,589,1071,1729,2383,3005,3665,4245,4833,5589,6276,6858,7404,8103,8747,9328,9958,10694,11369,11968,12578,13215,13849
14503,15191,15786,696,1145,1765,2374,2950,3625,4346,4938,5585,6230,6852,7466,8085,8708,9426,10094,10716,11350,12003,12653,13228,13880,14603,15231,15876,637,1148,1817,2392,2974,3732,4373,4972,5595,6218,6848,7503,8205,8821,9463,10157,10704,11330,11968,12600,13358,13987,14595,15236,15869,662,1145,1756,2511,3120,3723,4374,4975,5590,6200,6833,7586,8215,8831,9453,10011,10691,11334,11969,12710,13358,13982,14600,15217,15857,651,1305,1881,2503,3116,3731,4366,4967,5597,6361,6976,7588,8207,8835,9472,10081,10701,11466,12083,12704,13340,14001,14605,15236,15855,760,1261,1878,2462,3138,3746,4368,4949,5734,6357,6969,7609,8218,8844,9444,10173,10838,11456,12097,12722,13361,13976,14598,15358,149
638,1279,1862,2523,3124,3768,4465,5091,5753,6360,6976,7584,8211,8840,9563,10200,10848,11464,12102,12716,13377,13985,14751,15345,154,653,1241,1890,2552,3235,3867,4490,5106,5708,6451,7017,7543,8250,8948,9622,10200,10861,11475,12086,12702,13491,14105,14728,15371,147,636,1267,1865,2648,3248,3843,4483,5110,5741,6357,6965,7674,8342,8837,9602,10201,10850,11479,12218,12858,13461,14089,14779,15333,143,643,1390,2002,2643,3258,3874,4493,5150,5742,6463,7111,7720,8297,8968,9589,10214,10820,11591,12200,12834,13450,14113,14723,15358,153,767,1439,2002,2629,3265,3822,4468,5235,5842,6405,7085,7731,8334,8974,9587,10337,10948,11519,12202,12847,13447,14092,14720,15498,271,773,1387,1998
2634,3250,3875,4578,5242,5851,6470,7086,7732,8320,8968,9686,10319,10963,11576,12213,12833,13457,14215,14843,15500,267,772,1392,2002,2630,3368,3970,4711,5200,5849,6481,7090,7724,8450,9091,9697,10328,10968,11593,12218,12735,13599,14212,14910,15472,268,769,1376,2004,2759,3379,3981,4631,5216,5868,6482,7229,7860,8454,9086,9721,10331,10967,11599,12247,12925,13639,14206,14855,15489,256,774,1489,2090,2751,3375,3976,4600,5228,5853,6570,7203,7836,8460,9111,9680,10342,10966,11688,12304,12988,13622,14265,14847,15475,409,896,1524,2145,2759,3368,3990,4555,5350,5996,6592,7225,7841,8443,9060,9661,10423,11086,11711,12375,12959,13627,14232,14846,15685,387,895,1501,2125,2767,3379,4016
4729,5373,5976,6615,7209,7851,8465,9210,9853,10459,11082,11713,12359,12966,13583,14347,14972,15617,397,886,1495,2143,2755,3496,4126,4738,5346,5962,6586,7237,7844,8555,9201,9851,10468,11132,11641,12343,12957,13721,14366,14983,15605,386,903,1513,2259,2863,3484,4100,4737,5357,5983,6603,7352,7954,8560,9192,9861,10465,11088,11720,12469,13090,13715,14339,14998,15611,377,899,1647,2272,2885,3498,4133,4736,5358,5985,6720,7344,7973,8579,9197,9847,10461,11203,11837,12471,13145,13724,14351,14986,15631,535,1016,1647,2236,2873,3513,4129,4733,5473,6096,6728,7340,7967,8577,9194,9844,10524,11222,11845,12464,13100,13709,14337,14980,15778,437,995,1654,2271,2878,3462,4240,4860,5413,6092
6729,7255,7964,8596,9326,9961,10569,11203,11833,12436,13095,13716,14488,15098,15718,532,995,1643,2254,2882,3626,4230,4858,5478,6113,6722,7326,7955,8702,9381,9965,10652,11333,11866,12488,13196,13873,14492,15151,15705,508,986,1640,2365,2987,3637,4299,4849,5456,6099,6737,7459,8181,8698,9349,9963,10572,11299,11841,12593,13199,13869,14497,15112,15745,526,1050,1755,2385,2994,3680,4251,4835,5476,6352,6849,7445,8093,8678,9336,9930,10583,11338,11967,12521,13252,13823,14461,15117,15756,641,1139,1769,2373,3022,3612,4247,4867,5595,6232,6859,7464,8095,8701,9338,9955,10685,11353,11983,12588,13217,13830,14480,15268,15915,661,1148,1766,2374,3007,3625,4360,4976,5594,6237,6845,7477,8084
8700,9433,10041,10707,11361,11972,12585,13220,13860,14605,15231,15853,655,1112,1755,2288,2996,3739,4364,4982,5602,6235,6872,7464,8197,8836,9459,10078,10693,11390,11975,12593,13352,14007,14614,15229,15837,650,1141,1754,2501,3099,3758,4357,5019,5569,6225,6906,7589,8186,8877,9469,10107,10720,11352,11982,12703,13346,13987,14556,15223,15860,659,1321,1886,2479,3101,3746,4370,4977,5591,6321,6944,7536,8260,8860,9445,10096,10685,11445,12124,12664,13359,13981,14593,15213,15859,781,1280,1888,2460,3183,3736,4295,4987,5750,6314,6965,7595,8213,8816,9457,10202,10820,11516,12124,12688,13366,13973,14602,15365,140,650,1274,1876,2544,3119,3741,4494,5183,5751,6349,6966,7588,8218,8814,9582,10208
10841,11500,12111,12702,13346,13960,14715,15354,160,654,1256,1872,2495,3241,3880,4482,5094,5717,6364,6976,7594,8318,8955,9585,10202,10833,11462,12082,12712,13483,14107,14726,15354,229,672,1259,1880,2622,3268,3868,4474,5098,5727,6356,6982,7740,8336,8956,9586,10238,10846,11467,12202,12857,13471,14111,14721,15359,159,654,1405,1993,2627,3223,3853,4459,5102,5742,6474,7087,7735,8365,8968,9605,10195,10820,11613,12179,12845,13500,14117,14617,15350,156,760,1398,2007,2656,3249,3904,4447,5235,5856,6474,7086,7724,8330,8955,9578,10341,10964,11596,12194,12742,13467,14094,14711,15471,271,753,1395,2006,2653,3236,3863,4587,5255,5842,6465,7104,7752,8331,8958,9673,10326,10964,11637,12232
12859,13481,14209,14845,15504,285,776,1370,2002,2654,3368,3965,4576,5218,5856,6466,7108,7720,8436,9094,9712,10397,11020,11589,12199,12828,13609,14208,14837,15492,270,770,1389,2062,2747,3358,3947,4597,5241,5850,6462,7234,7764,8458,9063,9686,10348,10957,11585,12352,12987,13596,14236,14846,15486,273,775,1494,2139,2752,3368,3980,4596,5230,5867,6591,7199,7858,8463,9084,9707,10326,10963,11707,12349,12967,13592,14225,14846,15485,386,900,1514,2113,2775,3362,3981,4629,5352,5976,6576,7222,7852,8458,9067,9703,10468,11085,11699,12346,12986,13584,14091,14840,15618,384,904,1510,2138,2748,3350,3975,4736,5359,5979,6583,7239,7843,8449,9204,9861,10465,11095,11715,12324,12969,13605,14340
14990,15632,389,904,1517,2001,2755,3484,4099,4727,5321,5982,6595,7119,7835,8568,9238,9843,10476,11081,11700,12354,13129,13671,14366,14992,15608,383,892,1577,2242,2883,3486,4152,4739,5350,5939,6651,7362,7970,8596,9181,9829,10433,11149,11710,12459,13088,13636,14391,15042,15621,391,964,1636,2264,2871,3477,4158,4734,5366,5969,6730,7357,7956,8579,9188,9842,10461,11197,11848,12469,13098,13720,14366,14989,15579,526,1041,1644,2208,2870,3500,4165,4744,5497,6103,6718,7344,7974,8588,9213,9851,10586,11211,11848,12461,13072,13694,14343,15000,15722,527,1011,1649,2260,2886,3477,4237,4854,5467,6109,6727,7313,7969,8574,9302,9963,10584,11203,11848,12462,13081,13871,14486,15108,15729,536
1017,1654,2260,2875,3633,4232,4850,5474,6118,6776,7345,7978,8761,9339,9968,10588,11093,11847,12494,13206,13862,14480,15110,15808,531,998,1635,2370,2961,3622,4184,4861,5468,6117,6725,7511,8087,8729,9343,9896,10589,11218,11866,12561,13197,13750,14474,15076,15734,508,1021,1951,2402,2998,3667,4241,4835,5478,6219,6850,7504,8104,8744,9288,10033,10586,11321,11982,12595,13214,13857,14472,15162,15731,649,1164,1870,2380,2936,3620,4240,4862,5595,6261,6858,7469,8077,8703,9358,9978,10696,11350,11962,12655,13218,13854,14494,15216,15829,619,1174,1772,2399,3004,3622,4364,4988,5568,6219,6824,7471,8093,8688,9471,10095,10690,11379,11987,12601,13197,13870,14588,15241,15865,662,1144,1782,2383
3007,3745,4367,4963,5601,6229,6859,7479,8193,8834,9454,10075,10707,11360,11977,12600,13314,13978,14609,15230,15886,650,1136,1768,2501,3131,3751,4366,4977,5578,6237,6857,7587,8211,8824,9461,10090,10693,11348,11982,12721,13347,13984,14593,15223,15763,662,1260,1898,2498,3134,3742,4363,4944,5596,6361,6977,7588,8212,8835,9463,10076,10700,11461,12088,12715,13352,13978,14596,15228,15855,779,1254,1894,2479,3134,3740,4356,4981,5726,6342,6957,7588,8213,8852,9463,10195,10840,11460,12103,12653,13321,13977,14595,15372,155,658,1260,1893,2517,3126,3727,4468,5096,5730,6365,6968,7540,8224,8847,9573,10221,10789,11452,12089,12718,13348,14010,14723,15390,191,627,1262,1893,2452,3280,3863,4578
5073,5710,6352,6975,7597,8332,8953,9601,10205,10856,11464,12095,12719,13471,14108,14716,15353,153,667,1213,1827,2642,3234,3888,4481,5105,5744,6394,6974,7715,8228,9002,9587,10198,10810,11454,12210,12831,13462,14124,14732,15360,90,640,1387,2030,2637,3222,3873,4483,5038,5737,6475,7063,7732,8344,8962,9605,10153,10833,11590,12218,12848,13480,14054,14735,15347,163,801,1380,1964,2633,3227,3888,4492,5228,5872,6458,7085,7677,8352,8962,9592,10354,10957,11594,12212,12833,13478,14106,14714,15490,250,766,1386,2007,2630,3236,3868,4638,5230,5894,6469,7095,7727,8332,8963,9703,10340,10962,11600,12216,12850,13472,14226,14847,15475,270,705,1385,2006,2641,3385,4005,4599,5243,5830,6473
7092,7729,8459,9068,9701,10336,10966,11589,12228,12831,13585,14209,14825,15502,267,772,1370,2012,2749,3370,3994,4636,5229,5854,6483,7248,7852,8453,9085,9629,10336,10964,11591,12332,12950,13571,14221,14835,15495,285,773,1516,2168,2736,3379,4000,4633,5192,6092,6577,7215,7656,8472,9069,9674,10342,10957,11711,12318,12981,13586,14217,14830,15490,427,931,1510,2157,2774,3358,3987,4589,5344,5974,6607,7225,7841,8463,9090,9653,10482,11099,11727,12318,12974,13592,14271,14844,15613,407,897,1519,2141,2782,3400,3988,4764,5372,5980,6534,7202,7844,8453,9209,9796,10445,11084,11706,12332,12988,13596,14367,15007,15626,401,902,1509,2120,2736,3506,4116,4741,5364,5974,6608,7195,7873,8581
9222,9849,10469,11086,11727,12316,12983,13735,14343,14992,15618,370,884,1505,2256,2889,3463,4096,4736,5356,5956,6582,7347,7982,8561,9197,9835,10455,11098,11736,12468,13087,13714,14364,14990,15608,385,895,1663,2238,2868,3469,4124,4741,5349,5950,6730,7350,7964,8577,9197,9844,10467,11230,11848,12455,13095,13711,14350,14992,15621,507,1017,1588,2268,2875,3578,4098,4720,5474,6103,6732,7342,7969,8581,9206,9842,10588,11198,11859,12504,13083,13703,14350,15009,15708,561,1017,1645,2257,2904,3475,4236,4862,5476,6096,6743,7361,7981,8586,9323,9957,10604,11206,11848,12488,13093,13725,14463,15102,15736,549,1013,1664,2268,2896,3622,4240,4941,5474,6098,6701,7285,7959,8690,9339,9957,10593
11206,11864,12466,13217,13854,14458,15084,15737,532,997,1625,2394,3008,3586,4241,4867,5496,6097,6714,7481,8077,8796,9315,9936,10590,11218,11846,12594,13227,13856,14469,15097,15695,545,1054,1771,2392,2998,3611,4243,4895,5473,6223,6856,7491,8104,8706,9342,9959,10494,11327,11972,12633,13228,13812,14492,15126,15749,640,1149,1766,2365,3064,3635,4208,4852,5599,6231,6846,7475,8080,8728,9335,9971,10703,11312,11978,12599,13207,13855,14469,15245,15861,665,1139,1765,2377,2990,3628,4364,4989,5591,6222,6868,7463,8094,8684,9446,10069,10713,11358,11992,12591,13209,13884,14577,15265,15855,658,1150,1773,2383,3021,3743,4363,4979,5637,6241,6846,7475,8188,8841,9450,10096,10694,11340,11959,12580
13354,13976,14632,15209,15869,652,1145,1754,2510,3144,3760,4358,4958,5592,6238,6845,7587,8208,8848,9463,10108,10738,11342,11973,12705,13340,13972,14583,15245,15866,609,1308,1891,2490,3155,3721,4336,4991,5580,6403,6970,7598,8221,8837,9460,10124,10707,11537,12092,12624,13311,13976,14598,15242,15873,776,1260,1887,2485,3110,3716,4382,4958,5724,6355,6966,7551,8232,8847,9460,10201,10790,11453,12102,12714,13359,13925,14614,15393,75,665,1291,1924,2509,3117,3740,4471,5110,5728,6354,6980,7572,8193,8840,9592,10195,10837,11467,12109,12719,13377,13982,14714,15360,151,654,1287,1873,2504,3246,3859,4482,5074,5784,6358,6975,7546,8346,8976,9616,10085,10828,11484,12090,12708,13466,14139,14722
15441,152,650,1266,1803,2632,3227,3878,4478,5108,5710,6355,6943,7726,8345,8940,9589,10207,10812,11455,12172,12862,13477,14081,14723,15364,155,661,1383,2004,2661,3271,3871,4489,5106,5737,6467,7095,7720,8345,8972,9577,10215,10836,11578,12217,12864,13464,14114,14688,15331,149,765,1398,2009,2642,3260,3870,4483,5229,5862,6468,7106,7739,8346,8958,9591,10322,10946,11585,12144,12847,13475,14094,14741,15477,113,778,1407,2002,2628,3251,3856,4644,5234,5852,6457,7078,7721,8307,8973,9716,10351,10969,11599,12204,12847,13399,14152,14840,15490,336,780,1385,2002,2631,3375,3995,4571,5224,5906,6475,7099,7641,8467,9073,9388,10276,10979,11592,12218,12848,13551,14211,14850,15663,271,760
1376,2001,2790,3345,3993,4674,5225,5873,6476,7234,7864,8468,9133,9700,10335,10979,11642,12330,12965,13599,14182,14827,15496,251,760,1439,2141,2755,3383,3930,4592,5249,5840,6592,7254,7850,8455,9080,9665,10324,10956,11713,12299,12948,13592,14232,14829,15500,400,877,1523,2129,2772,3379,3992,4658,5348,5983,6593,7255,7858,8461,9070,9687,10451,11093,11717,12333,12965,13616,14212,14841,15656,392,888,1518,2153,2788,3366,3984,4734,5350,5972,6595,7228,7869,8461,9199,9839,10468,11096,11700,12339,12989,13602,14341,14987,15627,403,884,1503,2135,2749,3466,4112,4743,5349,5967,6594,7208,7848,8583,9200,9787,10466,11093,11705,12345,12965,13698,14348,14986,15616,395,883,1502,2256,2884
3501,4124,4748,5335,5979,6580,7400,7961,8568,9190,9928,10463,11084,11714,12464,13098,13718,14350,15001,15629,442,924,1644,2268,2886,3555,4146,4764,5364,5944,6792,7350,8008,8594,9199,9834,10441,11248,11846,12458,13095,13725,14376,14975,15659,536,1011,1640,2245,2868,3492,4128,4656,5415,6119,6741,7327,7982,8565,9152,9841,10582,11195,11869,12477,13088,13687,14344,14983,15725,477,1004,1646,2305,2846,3297,4236,4866,5300,6095,6719,7352,7962,8611,9368,9948,10574,11203,11854,12470,13096,13699,14477,15103,15739,530,1010,1635,2256,2866,3628,4204,4852,5470,6101,6784,7355,7971,8691,9323,10030,10580,11209,11844,12436,13206,13832,14482,15098,15746,540,1008,1640,2367,2984,3625,4231,4846
5473,6098,6730,7476,8091,8686,9325,9957,10587,11200,11851,12589,13221,13852,14509,15100,15741,492,1019,1743,2366,2998,3631,4233,4849,5502,6221,6842,7479,8096,8695,9331,9971,10586,11339,11974,12595,13235,13800,14470,15096,15719,662,1149,1780,2374,2998,3617,4232,4863,5597,6234,6845,7476,8070,8705,9332,10016,10692,11340,11966,12548,13227,13829,14396,15239,15863,656,1140,1763,2373,2722,3624,4315,4996,5595,6220,6840,7437,8058,8702,9453,10097,10705,11334,11943,12624,13201,13856,14505,15233,15963,589,1128,1704,2396,2985,3747,4299,5015,5602,6248,6844,7439,8211,8820,9473,10080,10734,11339,11987,12589,13351,13989,14610,15210,15861,694,1078,1747,2506,3142,3620,4261,4954,5632,6232,6842
7608,8223,8769,9488,10083,10711,11338,11943,12747,13236,13972,14612,15235,15901,658,1332,1889,2496,3126,3758,4373,4964,5588,6342,6941,7589,8223,8839,9450,10084,10712,11480,12098,12706,13369,13995,14606,15307,15878,764,1281,1891,2500,3217,3742,4372,4966,5722,6356,6975,7588,8187,8841,9466,10205,10845,11465,12097,12712,13352,13986,14599,15357,159,650,1274,1932,2504,3142,3755,4498,5117,5735,6351,6972,7602,8222,8828,9566,10191,10824,11459,12085,12671,13362,13989,14737,15350,156,664,1266,1887,2453,3258,3892,4486,5114,5740,6357,6974,7595,8323,8944,9576,10202,10835,11462,12090,12730,13478,14094,14721,15357,156,639,1280,1882,2642,3237,3882,4458,5069,5752,6341,6982,7734,8325,8974
9562,10203,10855,11464,12210,12825,13447,14104,14725,15374,152,656,1495,2032,2637,3259,3861,4506,5103,5734,6456,7096,7706,8375,8940,9623,10169,10845,11565,12256,12856,13456,14092,14699,15356,152,790,1372,2010,2632,3246,3861,4462,5212,5858,6464,7111,7714,8343,8960,9584,10321,10968,11578,12216,12824,13344,14149,14739,15438,290,778,1392,2008,2650,3224,3887,4440,5228,5862,6480,7093,7722,8272,8942,9704,10349,10974,11598,12234,12854,13481,14210,14840,15492,275,778,1395,2007,2641,3369,3996,4597,5237,5855,6473,7084,7732,8461,9073,9696,10336,10947,11577,12209,12858,13601,14214,14837,15513,267,769,1377,2004,2758,3357,3986,4598,5231,5857,6474,7239,7845,8454,9084,9706,10331,10959
11588,12335,12962,13595,14224,14858,15500,250,776,1512,2158,2751,3359,3988,4602,5243,5976,6576,7233,7868,8467,9085,9699,10306,10964,11715,12346,13001,13580,14216,14840,15473,399,898,1509,2140,2766,3362,4029,4607,5353,5967,6581,7235,7851,8453,9065,9678,10491,11069,11664,12360,12883,13613,14382,14733,15644,403,898,1461,2161,2755,3395,3938,4727,5362,6000,6594,7222,7820,8446,9206,9840,10462,11070,11700,12328,12954,13598,14306,15057,15623,390,894,1465,2126,2756,3469,4114,4693,5345,5981,6595,7228,7810,8587,9198,9913,10458,11085,11681,12298,12943,13661,14346,14992,15627,392,892,1497,2229,2881,3450,4108,4722,5374,5999,6600,7350,7974,8570,9206,9839,10448,11094,11703,12457,13079
13698,14331,14996,15606,390,895,1633,2248,2885,3502,3999,4731,5364,5964,6722,7364,7960,8610,9197,9820,10492,11224,11782,12447,13109,13731,14375,15030,15614,534,1040,1630,2251,2879,3487,4110,4730,5489,6111,6739,7326,7895,8581,9192,9843,10599,11119,11835,12469,13097,13706,14315,14988,15730,508,1001,1658,2257,2888,3493,4291,4862,5471,6102,6749,7349,7978,8572,9353,9946,10594,11194,11847,12459,13120,13707,14474,15107,15738,544,1016,1682,2246,2866,3636,4240,4820,5446,6090,6776,7352,7983,8708,9330,9970,10596,11229,11857,12472,13225,13852,14473,15137,15737,506,974,1642,2396,2950,3669,4199,4900,5487,6095,6625,7456,8101,8698,9328,9968,10578,11207,11824,12591,13228,13827,14390,15118
15650,576,1060,1751,2377,2995,3632,4233,4852,5469,6215,6827,7452,8094,8706,9376,9964,10580,11341,11968,12598,13222,13869,14468,15110,15746,652,1152,1817,2370,3043,3634,4244,4844,5563,6226,6843,7477,8019,8697,9343,9958,10696,11333,11967,12595,13136,13828,14482,15248,15867,722,1179,1755,2373,2989,3601,4353,4988,5605,6225,6846,7459,8108,8698,9463,10093,10710,11350,11963,12578,13220,13732,14593,15237,15873,657,1151,1772,2373,2990,3753,4367,4990,5607,6235,6855,7457,8212,8836,9453,10113,10715,11347,11974,12573,13347,13985,14614,15239,15731,654,1145,1782,2501,3133,3742,4354,4988,5593,6226,6847,7592,8217,8764,9464,10081,10699,11384,11972,12711,13368,13981,14594,15245,15866,643,1274
1924,2487,3138,3760,4371,4978,5556,6380,6947,7597,8220,8830,9696,10005,10696,11452,12095,12702,13271,13945,14480,15236,15883,809,1270,1887,2508,3148,3788,4362,4977,5736,6358,6935,7560,8207,8835,9452,10173,10838,11452,12082,12681,13308,13918,14666,15419,159,680,1281,1875,2489,3133,3669,4434,5137,5733,6355,6901,7589,8216,8835,9577,10209,10847,11402,12101,12716,13318,13971,14717,15358,145,654,1203,1885,2494,3260,3858,4473,5101,5743,6364,7006,7599,8258,8968,9630,10212,10834,11464,12109,12710,13474,14044,14724,15358,178,644,1269,1880,2629,3239,3845,4483,5102,5734,6322,6923,7792,8338,8957,9578,10238,10843,11472,12203,12850,13468,14097,14716,15357,166,652,1384,2007,2559,3244
3881,4488,5103,5740,6472,7094,7725,8344,8950,9570,10215,10831,11586,12188,12836,13469,14190,14723,15342,111,760,1383,2004,2638,3241,3876,4478,5232,5840,6482,7086,7719,8335,8945,9578,10349,10977,11583,12210,12839,13463,14159,14739,15507,285,777,1395,2027,2638,3267,3857,4594,5183,5850,6486,6847,7727,8329,8966,9705,10352,11034,11593,12202,12859,13473,14220,14739,15488,271,791,1394,2087,2611,3307,3992,4636,5202,5854,6575,6994,7735,8510,9095,9716,10355,10946,11602,12203,12832,13615,14228,14786,15495,288,771,1376,2003,2714,3375,4024,4607,5235,5775,6445,7240,7847,8450,9077,9722,10321,10936,11605,12352,12959,13583,14210,14874,15484,267,768,1556,2134,2749,3378,3970,4601,5243
5858,6587,7275,7842,8448,9003,9701,10338,10978,11723,12347,12970,13585,14237,14855,15470,406,880,1508,2139,2726,3356,3955,4594,5354,5972,6594,7230,7862,8457,9066,9705,10470,11065,11728,12335,12970,13598,14225,14840,15609,393,898,1515,2139,2785,3379,3986,4724,5354,5979,6595,7200,7853,8434,9204,9840,10454,11099,11730,12353,12958,13596,14338,14985,15605,404,892,1514,2132,2753,3499,4123,4745,5345,5958,6593,7199,7859,8586,9193,9827,10457,11084,11710,12335,12967,13711,14387,14977,15616,385,890,1510,2203,2863,3468,4134,4741,5310,5988,6584,7364,7967,8573,9183,9828,10496,11077,11679,12464,13083,13725,14339,14835,15633,400,909,1671,2265,2815,3457,4118,4772,5355,5978,6754,7258
7961,8601,9164,9890,10441,11206,11848,12508,13097,13721,14365,14948,15584,539,1064,1632,2220,2856,3480,4133,4754,5451,6100,6727,7342,7996,8567,9202,9863,10643,11188,11828,12496,13101,13758,14319,14986,15737,505,1041,1389,2263,2860,3492,4236,4846,5482,6112,6722,7353,7957,8585,9334,9970,10683,11233,11850,12453,13085,13704,14527,15094,15744,531,1007,1622,2266,2851,3621,4229,4856,5460,6085,6722,7334,7953,8612,9341,9952,10581,11241,11852,12463,13208,13834,14479,15112,15744,504,1049,1677,2370,3000,3634,4233,4841,5476,6096,6722,7466,8101,8704,9340,9967,10575,11212,11848,12570,13159,13852,14473,15122,15740,530,1014,1758,2369,3006,3626,4212,4864,5476,6214,6846,7471,8092,8701,9341
10000,10594,11348,11962,12617,13116,13829,14495,15120,15631,638,1145,1751,2368,3011,3634,4253,4865,5586,6191,6848,7442,8079,8706,9326,9955,10688,11338,11977,12527,13212,13852,14471,15246,15867,657,1153,1784,2417,2993,3630,4323,4924,5602,6218,6840,7485,8098,8728,9410,10070,10675,11342,11944,12582,13204,13809,14647,15290,15868,659,1152,1761,2355,2986,3849,4403,4992,5576,6231,6877,7466,8173,8844,9471,10075,10710,11336,11970,12590,13343,13967,14592,15233,15855,649,1133,1763,2505,3128,3724,4355,4987,5650,6245,6862,7601,8221,8850,9449,10092,10708,11354,11965,12735,13322,13996,14600,15230,15852,677,1176,1909,2296,3130,3738,4355,4976,5603,6345,6973,7580,8215,8812,9450,10069,10751,11473
12090,12718,13190,13983,14569,15236,15846,776,1272,1896,2511,3142,3765,4390,4978,5734,6348,6975,7597,8219,8879,9471,10214,10842,11446,12069,12716,13347,13994,14618,15353,153,662,1275,1885,2508,3111,3746,4477,5097,5735,6405,6984,7582,8221,8837,9579,10203,10825,11466,12092,12710,13352,14028,14713,15343,141,646,1269,1883,2513,3248,3864,4486,5104,5759,6335,6969,7585,8328,8970,9586,10200,10845,11481,12087,12709,13449,14086,14572,15367,147,661,1267,1894,2642,3263,3880,4490,5103,5713,6361,6990,7726,8393,8931,9586,10198,10844,11459,12250,12869,13450,14135,14730,15432,156,660,1402,2016,2629,3245,3885,4173,5097,5737,6451,7073,7723,8351,8976,9586,10207,10826,11426,12209,12782,13470
14102,14717,15358,158,766,1400,1948,2605,3249,3871,4429,5251,5859,6460,7100,7713,8334,9001,9587,10332,10976,11599,12167,12833,13476,14092,14707,15497,255,780,1369,2018,2624,3214,3879,4643,5225,5860,6478,7090,7728,8393,8874,9668,10334,10952,11573,12202,12842,13473,14233,14855,15487,270,784,1403,2005,2617,3375,3982,4598,5178,5855,6475,7095,7727,8442,9084,9720,10308,10958,11589,12202,12824,13587,14197,14848,15500,264,780,1396,2006,2756,3379,4005,4603,5204,5852,6470,7242,7840,8461,9052,9661,10325,10974,11578,12412,12978,13571,14217,14838,15482,269,770,1514,2143,2752,3355,3986,4601,5222,5853,6529,7228,7827,8456,9082,9700,10345,10952,11750,12338,12971,13589,14227,14837,15507
387,905,1505,2130,2740,3374,3981,4603,5342,5998,6592,7222,7842,8457,9071,9704,10453,11101,11714,12354,12965,13602,14230,14886,15621,502,883,1508,2132,2761,3377,3987,4725,5344,5982,6606,7231,7770,8449,9336,9812,10426,11069,11714,12206,12978,13608,14461,15036,15607,435,897,1529,2106,2736,3476,4134,4746,5346,5979,6590,7228,7851,8578,9151,9837,10456,11106,11725,12337,12958,13748,14328,14998,15616,388,886,1500,2268,2853,3505,4096,4739,5359,5952,6584,7343,7992,8583,9173,9840,10478,11119,11636,12466,13107,13698,14346,14967,15611,403,882,1623,2277,2910,3479,4129,4659,5363,5989,6716,7345,7959,8567,9180,9844,10458,11199,11812,12467,13081,13712,14364,14988,15616,524,1040,1629
2253,2878,3509,4112,4732,5470,6061,6738,7280,7973,8587,9208,9848,10583,11203,11937,12465,13088,13710,14352,14977,15723,508,1012,1634,2245,2867,3501,4252,4861,5483,6085,6696,7352,7966,8557,9325,9966,10583,11203,11847,12464,13089,13700,14463,15108,15738,542,981,1641,2256,2869,3634,4237,4866,5474,6110,6737,7389,7961,8707,9334,9920,10588,11200,11828,12460,13200,13850,14425,15099,15747,510,955,1644,2385,3001,3632,4245,4851,5510,6084,6723,7429,8104,8706,9341,9954,10596,11240,11861,12591,13262,13933,14445,15094,15738,532,1034,1769,2329,2969,3630,4234,4853,5509,6215,6851,7488,8079,8687,9327,9904,10608,11356,11965,12625,13020,13853,14463,15114,15758,649,1130,1770,2404,2997,3630
4237,4880,5618,6224,6835,7461,8092,8697,9336,9917,10663,11321,11967,12576,13230,13828,14492,15230,15860,660,1145,1766,2384,3015,3630,4350,4979,5600,6232,6857,7466,8082,8708,9508,10004,10703,11303,12004,12575,13216,13862,14587,15235,15858,644,1162,1770,2370,3004,3763,4361,4976,5598,6210,6858,7469,8216,8840,9455,10091,10703,11341,12000,12583,13342,13976,14602,15238,15861,652,1138,1770,2479,3146,3838,4374,4979,5592,6225,6908,7586,8208,8833,9445,10094,10695,11343,11960,12712,13358,13991,14607,15224,15866,655,1269,1895,2496,3137,3758,4370,4986,5580,6352,6965,7586,8211,8844,9449,10088,10704,11464,12094,12701,13350,13973,14598,15229,15856,809,1264,1885,2531,3126,3771,4352,4987,5727
6342,6979,7570,8208,8832,9459,10200,10745,11478,12093,12733,13529,13979,14598,15340,156,658,1257,1790,2513,3121,3756,4491,5093,5814,6346,6977,7588,8217,8820,9576,10204,10818,11453,12046,12714,13416,13989,14705,15352,154,650,1241,1884,2507,3240,3872,4477,5106,5725,6379,6995,7605,8341,9138,9604,10273,10653,11465,12099,12732,13464,14106,14733,15352,167,645,1284,1884,2632,3246,3896,4483,5116,5746,6356,6982,7734,8354,8938,9569,10215,10841,11462,12198,12883,13491,14093,14715,15367,155,667,1375,1986,2625,3277,3855,4468,5098,5731,6460,7098,7730,8342,8949,9583,10211,10837,11597,12200,12889,13475,14102,14723,15344,149,778,1378,2008,2629,3260,3875,4482,5229,5842,6475,7102,7725
8364,8947,9574,10381,10975,11554,12197,12841,13477,14102,14686,15475,273,782,1391,2003,2627,3252,3874,4606,5226,5862,6468,7087,7644,8346,8966,9704,10350,10974,11586,12225,12857,13468,14212,14875,15499,270,759,1374,2003,2646,3371,3995,4594,5238,5865,6474,7093,7720,8447,9087,9703,10352,10979,11633,12177,12975,13604,14211,14852,15435,291,769,1387,2000,2736,3371,3993,4603,5250,5835,6539,7215,7923,8476,9121,9711,10453,10908,11596,12352,12977,13602,14295,14878,15488,298,768,1512,2130,2756,3373,3998,4630,5198,5787,6580,7246,7833,8450,9108,9648,10336,10953,11711,12342,12977,13644,14228,14850,15484,387,876,1472,2151,2753,3376,3974,4597,5367,5973,6565,7207,7846,8460,9074,9687
10447,11075,11738,12318,12974,13594,14229,14842,15606,398,883,1512,2120,2749,3363,4013,4739,5351,5978,6568,7222,7844,8462,9212,9842,10473,11068,11716,12319,12932,13596,14368,14972,15602,383,897,1494,2188,2764,3497,4129,4808,5352,5963,6590,7228,7844,8584,9202,9836,10459,11087,11722,12348,12981,13708,14348,14984,15631,386,892,1497,2263,2891,3493,4117,4749,5352,5994,6598,7345,7989,8581,9198,9860,10460,11099,11701,12472,13101,13729,14366,14996,15622,403,886,1668,2270,2868,3490,4117,4741,5427,5987,6714,7337,7978,8597,9209,9848,10462,11205,11824,12470,13069,13712,14347,15005,15611,531,1014,1636,2270,2890,3495,4084,4801,5486,6100,6767,7346,7983,8597,9189,9854,10559,11199,11737
12470,13103,13704,14344,14978,15727,549,1017,1678,2222,2865,3510,4223,4874,5488,6073,6741,7354,7962,8576,9324,9960,10570,11209,11916,12478,13124,13710,14470,15106,15728,506,999,1600,2240,2888,3671,4204,4833,5450,6091,6726,7352,7956,8700,9326,9979,10626,11170,11847,12366,13205,13855,14480,15116,15728,508,1016,1616,2378,2991,3669,4241,4840,5483,6097,6719,7470,8079,8706,9325,9952,10581,11214,11862,12598,13221,13866,14432,15109,15744,529,1036,1807,2397,3028,3639,4235,4900,5471,6215,6844,7478,8071,8700,9336,9964,10567,11345,11963,12571,13206,13830,14484,15107,15739,661,1132,1763,2383,2995,3634,4231,4862,5613,6216,6841,7455,8091,8701,9333,9950,10711,11341,11971,12598,13232,13855
14462,15214,15864,651,1124,1712,2373,2995,3649,4366,4978,5603,6225,6809,7463,8098,8700,9461,10090,10693,11349,11969,12588,13178,13673,14600,15182,15856,716,1119,1728,2389,3031,3754,4335,4967,5605,6222,6842,7458,8206,8849,9461,10089,10758,11333,11960,12598,13351,13973,14652,15234,15853,626,1143,1778,2512,3126,3763,4345,4964,5606,6222,6866,7649,8204,8836,9466,10081,10699,11298,11958,12709,13313,13983,14592,15253,15867,655,1266,1898,2489,3132,3729,4357,4977,5605,6345,6984,7580,8207,8883,9474,10059,10696,11454,12082,12709,13345,13982,14624,15209,15874,784,1252,1865,2523,3136,3767,4357,4968,5733,6337,6963,7594,8222,8842,9464,10196,10849,11454,12091,12685,13344,13972,14609,15356,151
613,1283,1885,2549,3125,3728,4460,5111,5738,6354,6961,7589,8213,8837,9565,10216,10829,11472,12064,12705,13345,13979,14721,15356,156,648,1261,1877,2499,3236,3881,4481,5090,5726,6340,6968,7559,8342,8971,9578,10201,10827,11453,12102,12708,13479,14096,14732,15363,156,644,1234,1886,2633,3247,3868,4488,5113,5739,6318,6978,7719,8334,8974,9581,10211,10838,11479,12198,12857,13468,14108,14717,15364,153,647,1386,2007,2629,3251,3843,4537,5103,5737,6475,7092,7738,8337,8943,9648,10242,10811,11597,12219,12868,13554,14118,14732,15360,144,762,1386,2006,2630,3272,3922,4502,5224,5840,6470,7080,7852,8318,8875,9588,10302,10982,11599,12210,12842,13413,14097,14728,15497,329,748,1363,1992
